company,type,path
329,anti aircraft gun,.\anti aircraft gun\-160\04-CCH-723 (11).png
329,anti aircraft gun,.\anti aircraft gun\-160\04-CCH-723 (13).png
329,anti aircraft gun,.\anti aircraft gun\-160\04-CCH-723 (14).png
329,anti aircraft gun,.\anti aircraft gun\-160\04-CCH-723 (15).png
329,anti aircraft gun,.\anti aircraft gun\-160\04-CCH-723 (16).png
329,anti aircraft gun,.\anti aircraft gun\-160\04-CCH-723 (18).png
329,anti aircraft gun,.\anti aircraft gun\-160\04-CCH-723 (19).png
329,anti aircraft gun,.\anti aircraft gun\-160\04-CCH-723 (20).png
329,anti aircraft gun,.\anti aircraft gun\-160\04-CCH-723 (22).png
329,anti aircraft gun,.\anti aircraft gun\-160\04-CCH-723 (24).png
329,anti aircraft gun,.\anti aircraft gun\-160\04-CCH-723 (25).png
329,anti aircraft gun,.\anti aircraft gun\-160\04-CCH-723 (28).png
329,anti aircraft gun,.\anti aircraft gun\-160\04-CCH-723 (3).png
329,anti aircraft gun,.\anti aircraft gun\-160\04-CCH-723 (30).png
329,anti aircraft gun,.\anti aircraft gun\-160\04-CCH-723 (31).png
329,anti aircraft gun,.\anti aircraft gun\-160\04-CCH-723 (33).png
329,anti aircraft gun,.\anti aircraft gun\-160\04-CCH-723 (34).png
329,anti aircraft gun,.\anti aircraft gun\-160\04-CCH-723 (38).png
329,anti aircraft gun,.\anti aircraft gun\-160\04-CCH-723 (39).png
329,anti aircraft gun,.\anti aircraft gun\-160\04-CCH-723 (41).png
329,anti aircraft gun,.\anti aircraft gun\-160\04-CCH-723 (45).png
329,anti aircraft gun,.\anti aircraft gun\-160\04-CCH-723 (47).png
329,anti aircraft gun,.\anti aircraft gun\-160\04-CCH-723 (49).png
329,anti aircraft gun,.\anti aircraft gun\-160\04-CCH-723 (5).png
329,anti aircraft gun,.\anti aircraft gun\-160\04-CCH-723 (51).png
329,anti aircraft gun,.\anti aircraft gun\-160\04-CCH-723 (52).png
329,anti aircraft gun,.\anti aircraft gun\-160\04-CCH-723 (53).png
329,anti aircraft gun,.\anti aircraft gun\-160\04-CCH-723 (55).png
329,anti aircraft gun,.\anti aircraft gun\-160\04-CCH-723 (58).png
329,anti aircraft gun,.\anti aircraft gun\-160\04-CCH-723 (6).png
329,anti aircraft gun,.\anti aircraft gun\-160\04-CCH-723 (8).png
329,anti aircraft gun,.\anti aircraft gun\-160\04-CCH-723 (9).png
329,anti aircraft gun,.\anti aircraft gun\-160\04-CCH-725 (1).png
329,anti aircraft gun,.\anti aircraft gun\-160\04-CCH-725 (10).png
329,anti aircraft gun,.\anti aircraft gun\-160\04-CCH-725 (101).png
329,anti aircraft gun,.\anti aircraft gun\-160\04-CCH-725 (102).png
329,anti aircraft gun,.\anti aircraft gun\-160\04-CCH-725 (103).png
329,anti aircraft gun,.\anti aircraft gun\-160\04-CCH-725 (107).png
329,anti aircraft gun,.\anti aircraft gun\-160\04-CCH-725 (11).png
329,anti aircraft gun,.\anti aircraft gun\-160\04-CCH-725 (112).png
329,anti aircraft gun,.\anti aircraft gun\-160\04-CCH-725 (117).png
329,anti aircraft gun,.\anti aircraft gun\-160\04-CCH-725 (12).png
329,anti aircraft gun,.\anti aircraft gun\-160\04-CCH-725 (13).png
329,anti aircraft gun,.\anti aircraft gun\-160\04-CCH-725 (14).png
329,anti aircraft gun,.\anti aircraft gun\-160\04-CCH-725 (15).png
329,anti aircraft gun,.\anti aircraft gun\-160\04-CCH-725 (16).png
329,anti aircraft gun,.\anti aircraft gun\-160\04-CCH-725 (17).png
329,anti aircraft gun,.\anti aircraft gun\-160\04-CCH-725 (19).png
329,anti aircraft gun,.\anti aircraft gun\-160\04-CCH-725 (2).png
329,anti aircraft gun,.\anti aircraft gun\-160\04-CCH-725 (23).png
329,anti aircraft gun,.\anti aircraft gun\-160\04-CCH-725 (25).png
329,anti aircraft gun,.\anti aircraft gun\-160\04-CCH-725 (28).png
329,anti aircraft gun,.\anti aircraft gun\-160\04-CCH-725 (3).png
329,anti aircraft gun,.\anti aircraft gun\-160\04-CCH-725 (30).png
329,anti aircraft gun,.\anti aircraft gun\-160\04-CCH-725 (38).png
329,anti aircraft gun,.\anti aircraft gun\-160\04-CCH-725 (39).png
329,anti aircraft gun,.\anti aircraft gun\-160\04-CCH-725 (43).png
329,anti aircraft gun,.\anti aircraft gun\-160\04-CCH-725 (44).png
329,anti aircraft gun,.\anti aircraft gun\-160\04-CCH-725 (45).png
329,anti aircraft gun,.\anti aircraft gun\-160\04-CCH-725 (46).png
329,anti aircraft gun,.\anti aircraft gun\-160\04-CCH-725 (48).png
329,anti aircraft gun,.\anti aircraft gun\-160\04-CCH-725 (49).png
329,anti aircraft gun,.\anti aircraft gun\-160\04-CCH-725 (5).png
329,anti aircraft gun,.\anti aircraft gun\-160\04-CCH-725 (50).png
329,anti aircraft gun,.\anti aircraft gun\-160\04-CCH-725 (51).png
329,anti aircraft gun,.\anti aircraft gun\-160\04-CCH-725 (52).png
329,anti aircraft gun,.\anti aircraft gun\-160\04-CCH-725 (53).png
329,anti aircraft gun,.\anti aircraft gun\-160\04-CCH-725 (58).png
329,anti aircraft gun,.\anti aircraft gun\-160\04-CCH-725 (61).png
329,anti aircraft gun,.\anti aircraft gun\-160\04-CCH-725 (62).png
329,anti aircraft gun,.\anti aircraft gun\-160\04-CCH-725 (63).png
329,anti aircraft gun,.\anti aircraft gun\-160\04-CCH-725 (64).png
329,anti aircraft gun,.\anti aircraft gun\-160\04-CCH-725 (66).png
329,anti aircraft gun,.\anti aircraft gun\-160\04-CCH-725 (67).png
329,anti aircraft gun,.\anti aircraft gun\-160\04-CCH-725 (68).png
329,anti aircraft gun,.\anti aircraft gun\-160\04-CCH-725 (69).png
329,anti aircraft gun,.\anti aircraft gun\-160\04-CCH-725 (72).png
329,anti aircraft gun,.\anti aircraft gun\-160\04-CCH-725 (73).png
329,anti aircraft gun,.\anti aircraft gun\-160\04-CCH-725 (76).png
329,anti aircraft gun,.\anti aircraft gun\-160\04-CCH-725 (77).png
329,anti aircraft gun,.\anti aircraft gun\-160\04-CCH-725 (78).png
329,anti aircraft gun,.\anti aircraft gun\-160\04-CCH-725 (79).png
329,anti aircraft gun,.\anti aircraft gun\-160\04-CCH-725 (82).png
329,anti aircraft gun,.\anti aircraft gun\-160\04-CCH-725 (84).png
329,anti aircraft gun,.\anti aircraft gun\-160\04-CCH-725 (87).png
329,anti aircraft gun,.\anti aircraft gun\-160\04-CCH-725 (88).png
329,anti aircraft gun,.\anti aircraft gun\-160\04-CCH-725 (93).png
329,anti aircraft gun,.\anti aircraft gun\-160\04-CCH-725 (95).png
329,anti aircraft gun,.\anti aircraft gun\-160\04-CCH-725 (98).png
329,anti aircraft gun,.\anti aircraft gun\-160\04-CCH100 (1).png
329,anti aircraft gun,.\anti aircraft gun\-160\04-CCH100 (13).png
329,anti aircraft gun,.\anti aircraft gun\-160\04-CCH100 (14).png
329,anti aircraft gun,.\anti aircraft gun\-160\04-CCH100 (2).png
329,anti aircraft gun,.\anti aircraft gun\-160\04-CCH100 (26).png
329,anti aircraft gun,.\anti aircraft gun\-160\04-CCH100 (33).png
329,anti aircraft gun,.\anti aircraft gun\-160\04-CCH100 (34).png
329,anti aircraft gun,.\anti aircraft gun\-160\04-CCH100 (35).png
329,anti aircraft gun,.\anti aircraft gun\-160\04-CCH100 (37).png
329,anti aircraft gun,.\anti aircraft gun\-160\04-CCH100 (38).png
329,anti aircraft gun,.\anti aircraft gun\-160\04-CCH100 (50).png
329,anti aircraft gun,.\anti aircraft gun\-160\04-CCH100 (8).png
329,anti aircraft gun,.\anti aircraft gun\-160\04-CCH100 (9).png
329,anti aircraft gun,.\anti aircraft gun\-160\04-CCH300 (18).png
329,anti aircraft gun,.\anti aircraft gun\-160\04-CCH300 (19).png
329,anti aircraft gun,.\anti aircraft gun\-160\04-CCH300 (20).png
329,anti aircraft gun,.\anti aircraft gun\-160\04-CCH300 (31).png
329,anti aircraft gun,.\anti aircraft gun\-160\04-CCH724 (1).png
329,anti aircraft gun,.\anti aircraft gun\-160\04-CCH724 (10).png
329,anti aircraft gun,.\anti aircraft gun\-160\04-CCH724 (11).png
329,anti aircraft gun,.\anti aircraft gun\-160\04-CCH724 (12).png
329,anti aircraft gun,.\anti aircraft gun\-160\04-CCH724 (13).png
329,anti aircraft gun,.\anti aircraft gun\-160\04-CCH724 (14).png
329,anti aircraft gun,.\anti aircraft gun\-160\04-CCH724 (15).png
329,anti aircraft gun,.\anti aircraft gun\-160\04-CCH724 (16).png
329,anti aircraft gun,.\anti aircraft gun\-160\04-CCH724 (17).png
329,anti aircraft gun,.\anti aircraft gun\-160\04-CCH724 (2).png
329,anti aircraft gun,.\anti aircraft gun\-160\04-CCH724 (20).png
329,anti aircraft gun,.\anti aircraft gun\-160\04-CCH724 (22).png
329,anti aircraft gun,.\anti aircraft gun\-160\04-CCH724 (23).png
329,anti aircraft gun,.\anti aircraft gun\-160\04-CCH724 (24).png
329,anti aircraft gun,.\anti aircraft gun\-160\04-CCH724 (25).png
329,anti aircraft gun,.\anti aircraft gun\-160\04-CCH724 (26).png
329,anti aircraft gun,.\anti aircraft gun\-160\04-CCH724 (4).png
329,anti aircraft gun,.\anti aircraft gun\-160\04-CCH724 (7).png
329,anti aircraft gun,.\anti aircraft gun\-160\04-CCH724 (8).png
329,anti aircraft gun,.\anti aircraft gun\-160\04-CCH724 (9).png
329,anti aircraft gun,.\anti aircraft gun\-160\2-7-19-329-hrm (11).jpg
329,anti aircraft gun,.\anti aircraft gun\-160\2-7-19-329-hrm (4).jpg
329,anti aircraft gun,.\anti aircraft gun\-160\2-7-19-329-hrm (5).jpg
329,anti aircraft gun,.\anti aircraft gun\-160\2-7-19-329-hrm (6).png
329,anti aircraft gun,.\anti aircraft gun\-160\2-7-19-329-hrm (8).jpg
329,anti aircraft gun,.\anti aircraft gun\-160\2-7-19-329-hrm (8).png
329,anti aircraft gun,.\anti aircraft gun\-160\2-7-23-329-hrm (12).jpg
329,anti aircraft gun,.\anti aircraft gun\-160\2-7-23-329-hrm (14).jpg
329,anti aircraft gun,.\anti aircraft gun\-160\2-7-23-329-hrm (16).jpg
329,anti aircraft gun,.\anti aircraft gun\-160\2-7-23-329-hrm (21).jpg
329,anti aircraft gun,.\anti aircraft gun\-160\2-7-23-329-hrm (28).jpg
329,anti aircraft gun,.\anti aircraft gun\-160\2-7-23-329-hrm (29).jpg
329,anti aircraft gun,.\anti aircraft gun\-160\2-7-23-329-hrm (4).jpg
329,anti aircraft gun,.\anti aircraft gun\-160\2-7-23-329-hrm (47).jpg
329,anti aircraft gun,.\anti aircraft gun\-160\2-7-23-329-hrm (5).jpg
329,anti aircraft gun,.\anti aircraft gun\-160\2-7-23-329-hrm (50).jpg
329,anti aircraft gun,.\anti aircraft gun\-160\2-7-23-329-hrm (7).jpg
329,anti aircraft gun,.\anti aircraft gun\-160\2-7-23-329-hrm (8).jpg
329,anti aircraft gun,.\anti aircraft gun\-160\2-7-23-hrm (1).jpg
329,anti aircraft gun,.\anti aircraft gun\-160\2-7-23-hrm (11).jpg
329,anti aircraft gun,.\anti aircraft gun\-160\2-7-23-hrm (12).jpg
329,anti aircraft gun,.\anti aircraft gun\-160\2-7-23-hrm (13).jpg
329,anti aircraft gun,.\anti aircraft gun\-160\2-7-23-hrm (16).jpg
329,anti aircraft gun,.\anti aircraft gun\-160\2-7-23-hrm (17).jpg
329,anti aircraft gun,.\anti aircraft gun\-160\2-7-23-hrm (19).jpg
329,anti aircraft gun,.\anti aircraft gun\-160\2-7-23-hrm (21).jpg
329,anti aircraft gun,.\anti aircraft gun\-160\2-7-23-hrm (26).jpg
329,anti aircraft gun,.\anti aircraft gun\-160\2-7-23-hrm (3).jpg
329,anti aircraft gun,.\anti aircraft gun\-160\2-7-23-hrm (32).jpg
329,anti aircraft gun,.\anti aircraft gun\-160\2-7-23-hrm (4).jpg
329,anti aircraft gun,.\anti aircraft gun\-160\2-7-23-hrm (5).jpg
329,anti aircraft gun,.\anti aircraft gun\-160\2-7-23-hrm (7).jpg
329,anti aircraft gun,.\anti aircraft gun\-160\2-7-23-hrm (8).jpg
329,anti aircraft gun,.\anti aircraft gun\-160\2-7-23-hrm (9).jpg
329,anti aircraft gun,.\anti aircraft gun\-160\2-ryc-0725 (100).jpg
329,anti aircraft gun,.\anti aircraft gun\-160\2-ryc-0725 (11).jpg
329,anti aircraft gun,.\anti aircraft gun\-160\2-ryc-0725 (114).jpg
329,anti aircraft gun,.\anti aircraft gun\-160\2-ryc-0725 (115).jpg
329,anti aircraft gun,.\anti aircraft gun\-160\2-ryc-0725 (12).jpg
329,anti aircraft gun,.\anti aircraft gun\-160\2-ryc-0725 (123).jpg
329,anti aircraft gun,.\anti aircraft gun\-160\2-ryc-0725 (124).jpg
329,anti aircraft gun,.\anti aircraft gun\-160\2-ryc-0725 (125).jpg
329,anti aircraft gun,.\anti aircraft gun\-160\2-ryc-0725 (126).jpg
329,anti aircraft gun,.\anti aircraft gun\-160\2-ryc-0725 (14).jpg
329,anti aircraft gun,.\anti aircraft gun\-160\2-ryc-0725 (19).jpg
329,anti aircraft gun,.\anti aircraft gun\-160\2-ryc-0725 (23).jpg
329,anti aircraft gun,.\anti aircraft gun\-160\2-ryc-0725 (24).jpg
329,anti aircraft gun,.\anti aircraft gun\-160\2-ryc-0725 (27).jpg
329,anti aircraft gun,.\anti aircraft gun\-160\2-ryc-0725 (28).jpg
329,anti aircraft gun,.\anti aircraft gun\-160\2-ryc-0725 (35).jpg
329,anti aircraft gun,.\anti aircraft gun\-160\2-ryc-0725 (36).jpg
329,anti aircraft gun,.\anti aircraft gun\-160\2-ryc-0725 (47).jpg
329,anti aircraft gun,.\anti aircraft gun\-160\2-ryc-0725 (5).jpg
329,anti aircraft gun,.\anti aircraft gun\-160\2-ryc-0725 (51).jpg
329,anti aircraft gun,.\anti aircraft gun\-160\2-ryc-0725 (52).jpg
329,anti aircraft gun,.\anti aircraft gun\-160\2-ryc-0725 (58).jpg
329,anti aircraft gun,.\anti aircraft gun\-160\2-ryc-0725 (59).jpg
329,anti aircraft gun,.\anti aircraft gun\-160\2-ryc-0725 (68).jpg
329,anti aircraft gun,.\anti aircraft gun\-160\2-ryc-0725 (72).jpg
329,anti aircraft gun,.\anti aircraft gun\-160\2-ryc-0725 (9).jpg
329,anti aircraft gun,.\anti aircraft gun\-160\3-cjg-723 (6).png
329,anti aircraft gun,.\anti aircraft gun\-160\3-cjg-723-2 (10).jpg
329,anti aircraft gun,.\anti aircraft gun\-160\3-cjg-723-2 (14).png
329,anti aircraft gun,.\anti aircraft gun\-160\3-cjg-723-2 (2).jpg
329,anti aircraft gun,.\anti aircraft gun\-160\3-cjg-723-2 (22).png
329,anti aircraft gun,.\anti aircraft gun\-160\3-cjg-723-2 (3).jpg
329,anti aircraft gun,.\anti aircraft gun\-160\3-cjg-723-2 (39).png
329,anti aircraft gun,.\anti aircraft gun\-160\3-cjg-723-2 (4).jpg
329,anti aircraft gun,.\anti aircraft gun\-160\3-cjg-723-2 (43).png
329,anti aircraft gun,.\anti aircraft gun\-160\3-cjg-723-2 (44).png
329,anti aircraft gun,.\anti aircraft gun\-160\3-cjg-723-2 (46).png
329,anti aircraft gun,.\anti aircraft gun\-160\3-cjg-723-2 (6).png
329,anti aircraft gun,.\anti aircraft gun\-160\3-cjg-723-2 (7).jpg
329,anti aircraft gun,.\anti aircraft gun\-160\3-cjg-723-2 (8).png
329,anti aircraft gun,.\anti aircraft gun\-160\3-cjg-723-2 (9).png
329,anti aircraft gun,.\anti aircraft gun\-160\3-RGU-001.jpg
329,anti aircraft gun,.\anti aircraft gun\-160\3-RGU-004.jpg
329,anti aircraft gun,.\anti aircraft gun\-160\3-RGU-009.jpg
329,anti aircraft gun,.\anti aircraft gun\-160\3-RGU-014.jpg
329,anti aircraft gun,.\anti aircraft gun\-160\3-RGU-015 (2).jpg
329,anti aircraft gun,.\anti aircraft gun\-160\3-RGU-015.jpg
329,anti aircraft gun,.\anti aircraft gun\-160\3-RGU-017.jpg
329,anti aircraft gun,.\anti aircraft gun\-160\3-RGU-018.jpg
329,anti aircraft gun,.\anti aircraft gun\-160\3-RGU-019.jpg
329,anti aircraft gun,.\anti aircraft gun\-160\3-RGU-022.jpg
329,anti aircraft gun,.\anti aircraft gun\-160\3-RGU-023.jpg
329,anti aircraft gun,.\anti aircraft gun\-160\3-RGU-024.jpg
329,anti aircraft gun,.\anti aircraft gun\-160\6-lgm(10).png
329,anti aircraft gun,.\anti aircraft gun\-160\6-lgm(11).png
329,anti aircraft gun,.\anti aircraft gun\-160\6-lgm(12).png
329,anti aircraft gun,.\anti aircraft gun\-160\6-lgm(13).png
329,anti aircraft gun,.\anti aircraft gun\-160\6-lgm(14).png
329,anti aircraft gun,.\anti aircraft gun\-160\6-lgm(15).png
329,anti aircraft gun,.\anti aircraft gun\-160\6-lgm(16).png
329,anti aircraft gun,.\anti aircraft gun\-160\6-lgm(17).png
329,anti aircraft gun,.\anti aircraft gun\-160\6-lgm(18).png
329,anti aircraft gun,.\anti aircraft gun\-160\6-lgm(22).png
329,anti aircraft gun,.\anti aircraft gun\-160\6-lgm(23).png
329,anti aircraft gun,.\anti aircraft gun\-160\6-lgm(27).png
329,anti aircraft gun,.\anti aircraft gun\-160\6-lgm(28).png
329,anti aircraft gun,.\anti aircraft gun\-160\6-lgm(29).png
329,anti aircraft gun,.\anti aircraft gun\-160\6-lgm(30).png
329,anti aircraft gun,.\anti aircraft gun\-160\6-lgm(34).png
329,anti aircraft gun,.\anti aircraft gun\-160\6-lgm(35).png
329,anti aircraft gun,.\anti aircraft gun\-160\6-lgm(37).png
329,anti aircraft gun,.\anti aircraft gun\-160\6-lgm(4).png
329,anti aircraft gun,.\anti aircraft gun\-160\6-lgm(43).png
329,anti aircraft gun,.\anti aircraft gun\-160\6-lgm(5).png
329,anti aircraft gun,.\anti aircraft gun\-160\6-lgm(61).png
329,anti aircraft gun,.\anti aircraft gun\-160\6-lgm(62).png
329,anti aircraft gun,.\anti aircraft gun\-160\6-lgm(67).png
329,anti aircraft gun,.\anti aircraft gun\-160\6-lgm(68).png
329,anti aircraft gun,.\anti aircraft gun\-160\6-lgm(9).png
329,anti aircraft gun,.\anti aircraft gun\160+\01-0725-200 (12).jpg
329,anti aircraft gun,.\anti aircraft gun\160+\01-0725-200 (131).jpg
329,anti aircraft gun,.\anti aircraft gun\160+\01-0725-200 (160).jpg
329,anti aircraft gun,.\anti aircraft gun\160+\01-0725-200 (161).jpg
329,anti aircraft gun,.\anti aircraft gun\160+\01-0725-200 (177).jpg
329,anti aircraft gun,.\anti aircraft gun\160+\01-0725-200 (184).jpg
329,anti aircraft gun,.\anti aircraft gun\160+\01-0725-200 (185).jpg
329,anti aircraft gun,.\anti aircraft gun\160+\01-0725-200 (193).jpg
329,anti aircraft gun,.\anti aircraft gun\160+\01-0725-200 (196).jpg
329,anti aircraft gun,.\anti aircraft gun\160+\01-0725-200 (2).png
329,anti aircraft gun,.\anti aircraft gun\160+\01-0725-200 (206).jpg
329,anti aircraft gun,.\anti aircraft gun\160+\01-0725-200 (222).jpg
329,anti aircraft gun,.\anti aircraft gun\160+\01-0725-200 (265).jpg
329,anti aircraft gun,.\anti aircraft gun\160+\01-0725-200 (269).jpg
329,anti aircraft gun,.\anti aircraft gun\160+\01-0725-200 (288).jpg
329,anti aircraft gun,.\anti aircraft gun\160+\01-0725-200 (289).jpg
329,anti aircraft gun,.\anti aircraft gun\160+\01-0725-200 (3).png
329,anti aircraft gun,.\anti aircraft gun\160+\01-0725-200 (34).jpg
329,anti aircraft gun,.\anti aircraft gun\160+\01-0725-200 (4).png
329,anti aircraft gun,.\anti aircraft gun\160+\01-0725-200 (6).png
329,anti aircraft gun,.\anti aircraft gun\160+\01-0725-200 (71).jpg
329,anti aircraft gun,.\anti aircraft gun\160+\01-7.23 (1).jpg
329,anti aircraft gun,.\anti aircraft gun\160+\01-7.23 (101).jpg
329,anti aircraft gun,.\anti aircraft gun\160+\01-7.23 (103).jpg
329,anti aircraft gun,.\anti aircraft gun\160+\01-7.23 (104).jpg
329,anti aircraft gun,.\anti aircraft gun\160+\01-7.23 (105).jpg
329,anti aircraft gun,.\anti aircraft gun\160+\01-7.23 (107).jpg
329,anti aircraft gun,.\anti aircraft gun\160+\01-7.23 (108).jpg
329,anti aircraft gun,.\anti aircraft gun\160+\01-7.23 (109).jpg
329,anti aircraft gun,.\anti aircraft gun\160+\01-7.23 (11).jpg
329,anti aircraft gun,.\anti aircraft gun\160+\01-7.23 (112).jpg
329,anti aircraft gun,.\anti aircraft gun\160+\01-7.23 (113).jpg
329,anti aircraft gun,.\anti aircraft gun\160+\01-7.23 (114).jpg
329,anti aircraft gun,.\anti aircraft gun\160+\01-7.23 (115).jpg
329,anti aircraft gun,.\anti aircraft gun\160+\01-7.23 (116).jpg
329,anti aircraft gun,.\anti aircraft gun\160+\01-7.23 (118).jpg
329,anti aircraft gun,.\anti aircraft gun\160+\01-7.23 (119).jpg
329,anti aircraft gun,.\anti aircraft gun\160+\01-7.23 (12).jpg
329,anti aircraft gun,.\anti aircraft gun\160+\01-7.23 (120).jpg
329,anti aircraft gun,.\anti aircraft gun\160+\01-7.23 (122).jpg
329,anti aircraft gun,.\anti aircraft gun\160+\01-7.23 (123).jpg
329,anti aircraft gun,.\anti aircraft gun\160+\01-7.23 (125).jpg
329,anti aircraft gun,.\anti aircraft gun\160+\01-7.23 (128).jpg
329,anti aircraft gun,.\anti aircraft gun\160+\01-7.23 (129).jpg
329,anti aircraft gun,.\anti aircraft gun\160+\01-7.23 (13).jpg
329,anti aircraft gun,.\anti aircraft gun\160+\01-7.23 (130).jpg
329,anti aircraft gun,.\anti aircraft gun\160+\01-7.23 (132).jpg
329,anti aircraft gun,.\anti aircraft gun\160+\01-7.23 (134).jpg
329,anti aircraft gun,.\anti aircraft gun\160+\01-7.23 (136).jpg
329,anti aircraft gun,.\anti aircraft gun\160+\01-7.23 (139).jpg
329,anti aircraft gun,.\anti aircraft gun\160+\01-7.23 (14).jpg
329,anti aircraft gun,.\anti aircraft gun\160+\01-7.23 (140).jpg
329,anti aircraft gun,.\anti aircraft gun\160+\01-7.23 (141).jpg
329,anti aircraft gun,.\anti aircraft gun\160+\01-7.23 (142).jpg
329,anti aircraft gun,.\anti aircraft gun\160+\01-7.23 (143).jpg
329,anti aircraft gun,.\anti aircraft gun\160+\01-7.23 (144).jpg
329,anti aircraft gun,.\anti aircraft gun\160+\01-7.23 (145).jpg
329,anti aircraft gun,.\anti aircraft gun\160+\01-7.23 (147).jpg
329,anti aircraft gun,.\anti aircraft gun\160+\01-7.23 (149).jpg
329,anti aircraft gun,.\anti aircraft gun\160+\01-7.23 (15).jpg
329,anti aircraft gun,.\anti aircraft gun\160+\01-7.23 (151).jpg
329,anti aircraft gun,.\anti aircraft gun\160+\01-7.23 (152).jpg
329,anti aircraft gun,.\anti aircraft gun\160+\01-7.23 (154).jpg
329,anti aircraft gun,.\anti aircraft gun\160+\01-7.23 (155).jpg
329,anti aircraft gun,.\anti aircraft gun\160+\01-7.23 (157).jpg
329,anti aircraft gun,.\anti aircraft gun\160+\01-7.23 (158).jpg
329,anti aircraft gun,.\anti aircraft gun\160+\01-7.23 (16).jpg
329,anti aircraft gun,.\anti aircraft gun\160+\01-7.23 (161).jpg
329,anti aircraft gun,.\anti aircraft gun\160+\01-7.23 (162).jpg
329,anti aircraft gun,.\anti aircraft gun\160+\01-7.23 (164).jpg
329,anti aircraft gun,.\anti aircraft gun\160+\01-7.23 (167).jpg
329,anti aircraft gun,.\anti aircraft gun\160+\01-7.23 (170).jpg
329,anti aircraft gun,.\anti aircraft gun\160+\01-7.23 (171).jpg
329,anti aircraft gun,.\anti aircraft gun\160+\01-7.23 (172).jpg
329,anti aircraft gun,.\anti aircraft gun\160+\01-7.23 (174).jpg
329,anti aircraft gun,.\anti aircraft gun\160+\01-7.23 (175).jpg
329,anti aircraft gun,.\anti aircraft gun\160+\01-7.23 (177).jpg
329,anti aircraft gun,.\anti aircraft gun\160+\01-7.23 (178).jpg
329,anti aircraft gun,.\anti aircraft gun\160+\01-7.23 (18).jpg
329,anti aircraft gun,.\anti aircraft gun\160+\01-7.23 (180).jpg
329,anti aircraft gun,.\anti aircraft gun\160+\01-7.23 (182).jpg
329,anti aircraft gun,.\anti aircraft gun\160+\01-7.23 (183).jpg
329,anti aircraft gun,.\anti aircraft gun\160+\01-7.23 (184).jpg
329,anti aircraft gun,.\anti aircraft gun\160+\01-7.23 (185).jpg
329,anti aircraft gun,.\anti aircraft gun\160+\01-7.23 (186).jpg
329,anti aircraft gun,.\anti aircraft gun\160+\01-7.23 (187).jpg
329,anti aircraft gun,.\anti aircraft gun\160+\01-7.23 (189).jpg
329,anti aircraft gun,.\anti aircraft gun\160+\01-7.23 (190).jpg
329,anti aircraft gun,.\anti aircraft gun\160+\01-7.23 (191).jpg
329,anti aircraft gun,.\anti aircraft gun\160+\01-7.23 (192).jpg
329,anti aircraft gun,.\anti aircraft gun\160+\01-7.23 (194).jpg
329,anti aircraft gun,.\anti aircraft gun\160+\01-7.23 (195).jpg
329,anti aircraft gun,.\anti aircraft gun\160+\01-7.23 (196).jpg
329,anti aircraft gun,.\anti aircraft gun\160+\01-7.23 (197).jpg
329,anti aircraft gun,.\anti aircraft gun\160+\01-7.23 (198).jpg
329,anti aircraft gun,.\anti aircraft gun\160+\01-7.23 (199).jpg
329,anti aircraft gun,.\anti aircraft gun\160+\01-7.23 (2).jpg
329,anti aircraft gun,.\anti aircraft gun\160+\01-7.23 (20).jpg
329,anti aircraft gun,.\anti aircraft gun\160+\01-7.23 (200).jpg
329,anti aircraft gun,.\anti aircraft gun\160+\01-7.23 (201).jpg
329,anti aircraft gun,.\anti aircraft gun\160+\01-7.23 (202).jpg
329,anti aircraft gun,.\anti aircraft gun\160+\01-7.23 (203).jpg
329,anti aircraft gun,.\anti aircraft gun\160+\01-7.23 (207).jpg
329,anti aircraft gun,.\anti aircraft gun\160+\01-7.23 (209).jpg
329,anti aircraft gun,.\anti aircraft gun\160+\01-7.23 (21).jpg
329,anti aircraft gun,.\anti aircraft gun\160+\01-7.23 (211).jpg
329,anti aircraft gun,.\anti aircraft gun\160+\01-7.23 (213).jpg
329,anti aircraft gun,.\anti aircraft gun\160+\01-7.23 (214).jpg
329,anti aircraft gun,.\anti aircraft gun\160+\01-7.23 (215).jpg
329,anti aircraft gun,.\anti aircraft gun\160+\01-7.23 (216).jpg
329,anti aircraft gun,.\anti aircraft gun\160+\01-7.23 (217).jpg
329,anti aircraft gun,.\anti aircraft gun\160+\01-7.23 (218).jpg
329,anti aircraft gun,.\anti aircraft gun\160+\01-7.23 (219).jpg
329,anti aircraft gun,.\anti aircraft gun\160+\01-7.23 (22).jpg
329,anti aircraft gun,.\anti aircraft gun\160+\01-7.23 (220).jpg
329,anti aircraft gun,.\anti aircraft gun\160+\01-7.23 (222).jpg
329,anti aircraft gun,.\anti aircraft gun\160+\01-7.23 (224).jpg
329,anti aircraft gun,.\anti aircraft gun\160+\01-7.23 (225).jpg
329,anti aircraft gun,.\anti aircraft gun\160+\01-7.23 (226).jpg
329,anti aircraft gun,.\anti aircraft gun\160+\01-7.23 (227).jpg
329,anti aircraft gun,.\anti aircraft gun\160+\01-7.23 (229).jpg
329,anti aircraft gun,.\anti aircraft gun\160+\01-7.23 (23).jpg
329,anti aircraft gun,.\anti aircraft gun\160+\01-7.23 (231).jpg
329,anti aircraft gun,.\anti aircraft gun\160+\01-7.23 (232).jpg
329,anti aircraft gun,.\anti aircraft gun\160+\01-7.23 (235).jpg
329,anti aircraft gun,.\anti aircraft gun\160+\01-7.23 (238).jpg
329,anti aircraft gun,.\anti aircraft gun\160+\01-7.23 (239).jpg
329,anti aircraft gun,.\anti aircraft gun\160+\01-7.23 (24).jpg
329,anti aircraft gun,.\anti aircraft gun\160+\01-7.23 (242).jpg
329,anti aircraft gun,.\anti aircraft gun\160+\01-7.23 (243).jpg
329,anti aircraft gun,.\anti aircraft gun\160+\01-7.23 (244).jpg
329,anti aircraft gun,.\anti aircraft gun\160+\01-7.23 (245).jpg
329,anti aircraft gun,.\anti aircraft gun\160+\01-7.23 (247).jpg
329,anti aircraft gun,.\anti aircraft gun\160+\01-7.23 (250).jpg
329,anti aircraft gun,.\anti aircraft gun\160+\01-7.23 (26).jpg
329,anti aircraft gun,.\anti aircraft gun\160+\01-7.23 (27).jpg
329,anti aircraft gun,.\anti aircraft gun\160+\01-7.23 (28).jpg
329,anti aircraft gun,.\anti aircraft gun\160+\01-7.23 (29).jpg
329,anti aircraft gun,.\anti aircraft gun\160+\01-7.23 (3).jpg
329,anti aircraft gun,.\anti aircraft gun\160+\01-7.23 (31).jpg
329,anti aircraft gun,.\anti aircraft gun\160+\01-7.23 (32).jpg
329,anti aircraft gun,.\anti aircraft gun\160+\01-7.23 (34).jpg
329,anti aircraft gun,.\anti aircraft gun\160+\01-7.23 (36).jpg
329,anti aircraft gun,.\anti aircraft gun\160+\01-7.23 (37).jpg
329,anti aircraft gun,.\anti aircraft gun\160+\01-7.23 (38).jpg
329,anti aircraft gun,.\anti aircraft gun\160+\01-7.23 (39).jpg
329,anti aircraft gun,.\anti aircraft gun\160+\01-7.23 (4).jpg
329,anti aircraft gun,.\anti aircraft gun\160+\01-7.23 (40).jpg
329,anti aircraft gun,.\anti aircraft gun\160+\01-7.23 (41).jpg
329,anti aircraft gun,.\anti aircraft gun\160+\01-7.23 (43).jpg
329,anti aircraft gun,.\anti aircraft gun\160+\01-7.23 (44).jpg
329,anti aircraft gun,.\anti aircraft gun\160+\01-7.23 (45).jpg
329,anti aircraft gun,.\anti aircraft gun\160+\01-7.23 (46).jpg
329,anti aircraft gun,.\anti aircraft gun\160+\01-7.23 (47).jpg
329,anti aircraft gun,.\anti aircraft gun\160+\01-7.23 (50).jpg
329,anti aircraft gun,.\anti aircraft gun\160+\01-7.23 (51).jpg
329,anti aircraft gun,.\anti aircraft gun\160+\01-7.23 (55).jpg
329,anti aircraft gun,.\anti aircraft gun\160+\01-7.23 (56).jpg
329,anti aircraft gun,.\anti aircraft gun\160+\01-7.23 (57).jpg
329,anti aircraft gun,.\anti aircraft gun\160+\01-7.23 (6).jpg
329,anti aircraft gun,.\anti aircraft gun\160+\01-7.23 (60).jpg
329,anti aircraft gun,.\anti aircraft gun\160+\01-7.23 (61).jpg
329,anti aircraft gun,.\anti aircraft gun\160+\01-7.23 (62).jpg
329,anti aircraft gun,.\anti aircraft gun\160+\01-7.23 (63).jpg
329,anti aircraft gun,.\anti aircraft gun\160+\01-7.23 (64).jpg
329,anti aircraft gun,.\anti aircraft gun\160+\01-7.23 (66).jpg
329,anti aircraft gun,.\anti aircraft gun\160+\01-7.23 (67).jpg
329,anti aircraft gun,.\anti aircraft gun\160+\01-7.23 (68).jpg
329,anti aircraft gun,.\anti aircraft gun\160+\01-7.23 (69).jpg
329,anti aircraft gun,.\anti aircraft gun\160+\01-7.23 (7).jpg
329,anti aircraft gun,.\anti aircraft gun\160+\01-7.23 (70).jpg
329,anti aircraft gun,.\anti aircraft gun\160+\01-7.23 (72).jpg
329,anti aircraft gun,.\anti aircraft gun\160+\01-7.23 (73).jpg
329,anti aircraft gun,.\anti aircraft gun\160+\01-7.23 (74).jpg
329,anti aircraft gun,.\anti aircraft gun\160+\01-7.23 (77).jpg
329,anti aircraft gun,.\anti aircraft gun\160+\01-7.23 (78).jpg
329,anti aircraft gun,.\anti aircraft gun\160+\01-7.23 (79).jpg
329,anti aircraft gun,.\anti aircraft gun\160+\01-7.23 (8).jpg
329,anti aircraft gun,.\anti aircraft gun\160+\01-7.23 (80).jpg
329,anti aircraft gun,.\anti aircraft gun\160+\01-7.23 (81).jpg
329,anti aircraft gun,.\anti aircraft gun\160+\01-7.23 (82).jpg
329,anti aircraft gun,.\anti aircraft gun\160+\01-7.23 (83).jpg
329,anti aircraft gun,.\anti aircraft gun\160+\01-7.23 (84).jpg
329,anti aircraft gun,.\anti aircraft gun\160+\01-7.23 (85).jpg
329,anti aircraft gun,.\anti aircraft gun\160+\01-7.23 (86).jpg
329,anti aircraft gun,.\anti aircraft gun\160+\01-7.23 (87).jpg
329,anti aircraft gun,.\anti aircraft gun\160+\01-7.23 (88).jpg
329,anti aircraft gun,.\anti aircraft gun\160+\01-7.23 (89).jpg
329,anti aircraft gun,.\anti aircraft gun\160+\01-7.23 (90).jpg
329,anti aircraft gun,.\anti aircraft gun\160+\01-7.23 (91).jpg
329,anti aircraft gun,.\anti aircraft gun\160+\01-7.23 (92).jpg
329,anti aircraft gun,.\anti aircraft gun\160+\01-7.23 (93).jpg
329,anti aircraft gun,.\anti aircraft gun\160+\01-7.23 (96).jpg
329,anti aircraft gun,.\anti aircraft gun\160+\01-7.23 (97).jpg
329,anti aircraft gun,.\anti aircraft gun\160+\01-7.23 (99).jpg
329,anti aircraft gun,.\anti aircraft gun\160+\06-kmj-anti-aircraft-gun-01.png
329,anti aircraft gun,.\anti aircraft gun\160+\5-KimJS-7-23-1-05.jpg
329,anti aircraft gun,.\anti aircraft gun\160+\5-KimJS-7-23-2-16.jpg
329,anti aircraft gun,.\anti aircraft gun\160+\5-kmj-anti-aircraft-gun- (10).png
329,anti aircraft gun,.\anti aircraft gun\160+\5-kmj-anti-aircraft-gun- (4).png
329,anti aircraft gun,.\anti aircraft gun\160+\5-kmj-anti-aircraft-gun- (7).png
329,anti aircraft gun,.\anti aircraft gun\160+\5-kmj-anti-aircraft-gun- (8).png
329,anti aircraft gun,.\anti aircraft gun\160+\5-kmj-anti-aircraft-gun- (9).png
329,anti aircraft gun,.\anti aircraft gun\160+\6-KKI_07_23_PM (1).png
329,anti aircraft gun,.\anti aircraft gun\160+\6-KKI_07_23_PM (10).png
329,anti aircraft gun,.\anti aircraft gun\160+\6-KKI_07_23_PM (105).png
329,anti aircraft gun,.\anti aircraft gun\160+\6-KKI_07_23_PM (106).png
329,anti aircraft gun,.\anti aircraft gun\160+\6-KKI_07_23_PM (108).png
329,anti aircraft gun,.\anti aircraft gun\160+\6-KKI_07_23_PM (115).png
329,anti aircraft gun,.\anti aircraft gun\160+\6-KKI_07_23_PM (116).png
329,anti aircraft gun,.\anti aircraft gun\160+\6-KKI_07_23_PM (119).png
329,anti aircraft gun,.\anti aircraft gun\160+\6-KKI_07_23_PM (129).png
329,anti aircraft gun,.\anti aircraft gun\160+\6-KKI_07_23_PM (137).png
329,anti aircraft gun,.\anti aircraft gun\160+\6-KKI_07_23_PM (14).png
329,anti aircraft gun,.\anti aircraft gun\160+\6-KKI_07_23_PM (145).png
329,anti aircraft gun,.\anti aircraft gun\160+\6-KKI_07_23_PM (161).png
329,anti aircraft gun,.\anti aircraft gun\160+\6-KKI_07_23_PM (164).png
329,anti aircraft gun,.\anti aircraft gun\160+\6-KKI_07_23_PM (170).png
329,anti aircraft gun,.\anti aircraft gun\160+\6-KKI_07_23_PM (171).png
329,anti aircraft gun,.\anti aircraft gun\160+\6-KKI_07_23_PM (173).png
329,anti aircraft gun,.\anti aircraft gun\160+\6-KKI_07_23_PM (175).png
329,anti aircraft gun,.\anti aircraft gun\160+\6-KKI_07_23_PM (18).png
329,anti aircraft gun,.\anti aircraft gun\160+\6-KKI_07_23_PM (23).png
329,anti aircraft gun,.\anti aircraft gun\160+\6-KKI_07_23_PM (24).png
329,anti aircraft gun,.\anti aircraft gun\160+\6-KKI_07_23_PM (25).png
329,anti aircraft gun,.\anti aircraft gun\160+\6-KKI_07_23_PM (28).png
329,anti aircraft gun,.\anti aircraft gun\160+\6-KKI_07_23_PM (32).png
329,anti aircraft gun,.\anti aircraft gun\160+\6-KKI_07_23_PM (33).png
329,anti aircraft gun,.\anti aircraft gun\160+\6-KKI_07_23_PM (34).png
329,anti aircraft gun,.\anti aircraft gun\160+\6-KKI_07_23_PM (49).png
329,anti aircraft gun,.\anti aircraft gun\160+\6-KKI_07_23_PM (57).png
329,anti aircraft gun,.\anti aircraft gun\160+\6-KKI_07_23_PM (61).png
329,anti aircraft gun,.\anti aircraft gun\160+\6-KKI_07_23_PM (67).png
329,anti aircraft gun,.\anti aircraft gun\160+\6-KKI_07_23_PM (85).png
329,anti aircraft gun,.\anti aircraft gun\160+\6-KKI_07_23_PM (86).png
329,anti aircraft gun,.\anti aircraft gun\160+\6-KKI_07_23_PM (97).png
329,anti aircraft gun,.\anti aircraft gun\160+\6-KKI_7_23_AM (11).png
329,anti aircraft gun,.\anti aircraft gun\160+\6-KKI_7_23_AM (26).png
329,anti aircraft gun,.\anti aircraft gun\160+\6-KKI_7_23_AM (36).png
329,anti aircraft gun,.\anti aircraft gun\160+\6-KKI_7_23_AM (42).png
329,anti aircraft gun,.\anti aircraft gun\160+\6-KKI_7_23_AM (48).png
329,anti aircraft gun,.\anti aircraft gun\160+\6-KKI_7_23_AM (49).png
329,anti aircraft gun,.\anti aircraft gun\160+\6-KKI_7_23_AM (5).png
329,anti aircraft gun,.\anti aircraft gun\160+\6-KKI_7_23_AM (53).png
329,anti aircraft gun,.\anti aircraft gun\160+\6-KKI_7_23_AM (55).png
329,anti aircraft gun,.\anti aircraft gun\160+\6-KKI_7_23_AM (60).png
329,anti aircraft gun,.\anti aircraft gun\160+\6-KKI_7_23_AM (64).png
329,anti aircraft gun,.\anti aircraft gun\160+\6-KKI_7_23_AM (68).png
329,anti aircraft gun,.\anti aircraft gun\160+\6-KKI_7_23_AM (69).png
329,anti aircraft gun,.\anti aircraft gun\160+\6-KKI_7_23_AM (71).png
329,anti aircraft gun,.\anti aircraft gun\160+\6-KKI_7_23_AM (75).png
329,anti aircraft gun,.\anti aircraft gun\160+\6-KKI_7_23_AM (78).png
329,anti aircraft gun,.\anti aircraft gun\160+\6-KKI_7_23_AM (85).png
329,anti aircraft gun,.\anti aircraft gun\160+\6-KKI_7_23_AM (91).png
329,anti aircraft gun,.\anti aircraft gun\160+\6-KKI_7_23_AM (97).png
329,anti aircraft gun,.\anti aircraft gun\160+\6-KKI_7_23_AM (98).png
329,anti aircraft gun,.\anti aircraft gun\160+\6-psh-7.23 (16).jpg
329,anti aircraft gun,.\anti aircraft gun\160+\6-psh-7.23 (2).jpg
329,anti aircraft gun,.\anti aircraft gun\160+\6-psh-7.23 (3).jpg
329,anti aircraft gun,.\anti aircraft gun\160+\6-psh-7.23 (32).jpg
329,anti aircraft gun,.\anti aircraft gun\160+\6-psh-7.23 (36).jpg
329,anti aircraft gun,.\anti aircraft gun\160+\6-psh-7.23 (49).jpg
329,anti aircraft gun,.\anti aircraft gun\160+\6-psh-7.23 (58).jpg
329,anti aircraft gun,.\anti aircraft gun\160+\6-psh-7.23 (88).jpg
329,anti aircraft gun,.\anti aircraft gun\160+\6-shu-7.23 (12).jpg
329,anti aircraft gun,.\anti aircraft gun\160+\6-shu-7.23 (30).jpg
329,anti aircraft gun,.\anti aircraft gun\160+\6-shu-7.23 (4).jpg
329,anti aircraft gun,.\anti aircraft gun\160+\6-shu-7.23 (41).jpg
329,anti aircraft gun,.\anti aircraft gun\160+\6-shu-7.23 (5).jpg
329,anti aircraft gun,.\anti aircraft gun\160+\6-shu-7.23 (61).jpg
329,anti aircraft gun,.\anti aircraft gun\160+\6-shu-7.23 (8).jpg
329,anti aircraft gun,.\anti aircraft gun\160+\6-shu-7.23 (93).jpg
329,anti aircraft gun,.\anti aircraft gun\160+\lgm (2).png
329,anti aircraft gun,.\anti aircraft gun\60-160\Lion (1).png
329,anti aircraft gun,.\anti aircraft gun\60-160\Lion (11).png
329,anti aircraft gun,.\anti aircraft gun\60-160\Lion (13).png
329,anti aircraft gun,.\anti aircraft gun\60-160\Lion (14).png
329,anti aircraft gun,.\anti aircraft gun\60-160\Lion (15).png
329,anti aircraft gun,.\anti aircraft gun\60-160\Lion (16).png
329,anti aircraft gun,.\anti aircraft gun\60-160\Lion (17).png
329,anti aircraft gun,.\anti aircraft gun\60-160\Lion (19).png
329,anti aircraft gun,.\anti aircraft gun\60-160\Lion (2).png
329,anti aircraft gun,.\anti aircraft gun\60-160\Lion (20).png
329,anti aircraft gun,.\anti aircraft gun\60-160\Lion (23).png
329,anti aircraft gun,.\anti aircraft gun\60-160\Lion (24).png
329,anti aircraft gun,.\anti aircraft gun\60-160\Lion (26).png
329,anti aircraft gun,.\anti aircraft gun\60-160\Lion (28).png
329,anti aircraft gun,.\anti aircraft gun\60-160\Lion (29).png
329,anti aircraft gun,.\anti aircraft gun\60-160\Lion (31).png
329,anti aircraft gun,.\anti aircraft gun\60-160\Lion (32).png
329,anti aircraft gun,.\anti aircraft gun\60-160\Lion (6).png
329,anti aircraft gun,.\anti aircraft gun\60-160\Lion (7).png
329,anti aircraft gun,.\anti aircraft gun\60-160\Lion (8).png
329,anti aircraft gun,.\anti aircraft gun\60-160\RGS1.png
329,anti aircraft gun,.\anti aircraft gun\60-160\RGS12.png
329,anti aircraft gun,.\anti aircraft gun\60-160\RGS13.png
329,anti aircraft gun,.\anti aircraft gun\60-160\RGS14.png
329,anti aircraft gun,.\anti aircraft gun\60-160\RGS15.png
329,anti aircraft gun,.\anti aircraft gun\60-160\RGS16.png
329,anti aircraft gun,.\anti aircraft gun\60-160\RGS17.png
329,anti aircraft gun,.\anti aircraft gun\60-160\RGS19.png
329,anti aircraft gun,.\anti aircraft gun\60-160\RGS22.png
329,anti aircraft gun,.\anti aircraft gun\60-160\RGS24.png
329,anti aircraft gun,.\anti aircraft gun\60-160\RGS25.png
329,anti aircraft gun,.\anti aircraft gun\60-160\RGS28.png
329,anti aircraft gun,.\anti aircraft gun\60-160\RGS29.png
329,anti aircraft gun,.\anti aircraft gun\60-160\RGS4.png
329,anti aircraft gun,.\anti aircraft gun\60-160\RGS6.png
329,anti aircraft gun,.\anti aircraft gun\60-160\rsm-7-26 (1).jpg
329,anti aircraft gun,.\anti aircraft gun\60-160\rsm-7-26 (10).png
329,anti aircraft gun,.\anti aircraft gun\60-160\rsm-7-26 (12).jpg
329,anti aircraft gun,.\anti aircraft gun\60-160\rsm-7-26 (13).png
329,anti aircraft gun,.\anti aircraft gun\60-160\rsm-7-26 (14).jpg
329,anti aircraft gun,.\anti aircraft gun\60-160\rsm-7-26 (14).png
329,anti aircraft gun,.\anti aircraft gun\60-160\rsm-7-26 (17).jpg
329,anti aircraft gun,.\anti aircraft gun\60-160\rsm-7-26 (18).jpg
329,anti aircraft gun,.\anti aircraft gun\60-160\rsm-7-26 (18).png
329,anti aircraft gun,.\anti aircraft gun\60-160\rsm-7-26 (19).png
329,anti aircraft gun,.\anti aircraft gun\60-160\rsm-7-26 (20).png
329,anti aircraft gun,.\anti aircraft gun\60-160\rsm-7-26 (21).png
329,anti aircraft gun,.\anti aircraft gun\60-160\rsm-7-26 (22).jpg
329,anti aircraft gun,.\anti aircraft gun\60-160\rsm-7-26 (22).png
329,anti aircraft gun,.\anti aircraft gun\60-160\rsm-7-26 (25).jpg
329,anti aircraft gun,.\anti aircraft gun\60-160\rsm-7-26 (26).jpg
329,anti aircraft gun,.\anti aircraft gun\60-160\rsm-7-26 (27).jpg
329,anti aircraft gun,.\anti aircraft gun\60-160\rsm-7-26 (27).png
329,anti aircraft gun,.\anti aircraft gun\60-160\rsm-7-26 (28).jpg
329,anti aircraft gun,.\anti aircraft gun\60-160\rsm-7-26 (28).png
329,anti aircraft gun,.\anti aircraft gun\60-160\rsm-7-26 (29).jpg
329,anti aircraft gun,.\anti aircraft gun\60-160\rsm-7-26 (29).png
329,anti aircraft gun,.\anti aircraft gun\60-160\rsm-7-26 (30).jpg
329,anti aircraft gun,.\anti aircraft gun\60-160\rsm-7-26 (31).jpg
329,anti aircraft gun,.\anti aircraft gun\60-160\rsm-7-26 (32).jpg
329,anti aircraft gun,.\anti aircraft gun\60-160\rsm-7-26 (33).png
329,anti aircraft gun,.\anti aircraft gun\60-160\rsm-7-26 (36).png
329,anti aircraft gun,.\anti aircraft gun\60-160\rsm-7-26 (4).png
329,anti aircraft gun,.\anti aircraft gun\60-160\rsm-7-26 (40).png
329,anti aircraft gun,.\anti aircraft gun\60-160\rsm-7-26 (47).png
329,anti aircraft gun,.\anti aircraft gun\60-160\rsm-7-26 (5).jpg
329,anti aircraft gun,.\anti aircraft gun\60-160\rsm-7-26 (56).png
329,anti aircraft gun,.\anti aircraft gun\60-160\rsm-7-26 (58).png
329,anti aircraft gun,.\anti aircraft gun\60-160\rsm-7-26 (60).png
329,anti aircraft gun,.\anti aircraft gun\60-160\rsm-7-26 (61).png
329,anti aircraft gun,.\anti aircraft gun\60-160\rsm-7-26 (65).png
329,anti aircraft gun,.\anti aircraft gun\60-160\rsm-7-26 (67).png
329,anti aircraft gun,.\anti aircraft gun\60-160\rsm-7-26 (69).png
329,anti aircraft gun,.\anti aircraft gun\60-160\rsm-7-26 (70).png
329,anti aircraft gun,.\anti aircraft gun\60-160\rsm-7-26 (72).png
329,anti aircraft gun,.\anti aircraft gun\60-160\rsm-7-26 (79).png
329,anti aircraft gun,.\anti aircraft gun\60-160\rsm-7-26 (8).png
329,anti aircraft gun,.\anti aircraft gun\60-160\rsm-7-26 (81).png
329,anti aircraft gun,.\anti aircraft gun\60-160\rsm-7-26 (82).png
329,anti aircraft gun,.\anti aircraft gun\60-160\rsm-7-26 (9).png
329,anti aircraft gun,.\anti aircraft gun\60-160\rsm10.png
329,anti aircraft gun,.\anti aircraft gun\60-160\rsm2.png
329,anti aircraft gun,.\anti aircraft gun\60-160\rsm23.png
329,anti aircraft gun,.\anti aircraft gun\60-160\rsm30.png
329,anti aircraft gun,.\anti aircraft gun\60-160\rsm34.png
329,m109a7,.\m109a7\2-7-24-2-hrm (35).jpg
329,m109a7,.\m109a7\2-7-24-2-hrm (36).jpg
329,m109a7,.\m109a7\2-7-24-2-hrm (37).jpg
329,m109a7,.\m109a7\2-7-24-2-hrm (40).jpg
329,m109a7,.\m109a7\2-7-24-2-hrm (42).jpg
329,m109a7,.\m109a7\2-7-24-2-hrm (43).jpg
329,m109a7,.\m109a7\2-7-24-2-hrm (44).jpg
329,m109a7,.\m109a7\2-7-24-2-hrm (61).jpg
329,m109a7,.\m109a7\2-7-24-2-hrm (62).jpg
329,m109a7,.\m109a7\2-7-24-2-hrm (64).jpg
329,m109a7,.\m109a7\2-7-24-2-hrm (66).jpg
329,m109a7,.\m109a7\2-7-24-2-hrm (70).jpg
329,m109a7,.\m109a7\2-7-24-hrm (11).jpg
329,m109a7,.\m109a7\2-7-24-hrm (12).png
329,m109a7,.\m109a7\2-7-24-hrm (14).jpg
329,m109a7,.\m109a7\2-7-24-hrm (15).jpg
329,m109a7,.\m109a7\2-7-24-hrm (16).jpg
329,m109a7,.\m109a7\2-7-24-hrm (19).png
329,m109a7,.\m109a7\2-7-24-hrm (20).png
329,m109a7,.\m109a7\2-7-24-hrm (22).jpg
329,m109a7,.\m109a7\2-7-24-hrm (22).png
329,m109a7,.\m109a7\2-7-24-hrm (24).png
329,m109a7,.\m109a7\2-7-24-hrm (28).jpg
329,m109a7,.\m109a7\2-7-24-hrm (31).jpg
329,m109a7,.\m109a7\2-7-24-hrm (32).jpg
329,m109a7,.\m109a7\2-7-24-hrm (35).png
329,m109a7,.\m109a7\2-7-24-hrm (37).png
329,m109a7,.\m109a7\2-7-24-hrm (38).png
329,m109a7,.\m109a7\2-7-24-hrm (40).png
329,m109a7,.\m109a7\2-7-24-hrm (41).png
329,m109a7,.\m109a7\2-7-24-hrm (42).png
329,m109a7,.\m109a7\2-7-24-hrm (43).png
329,m109a7,.\m109a7\2-7-24-hrm (44).png
329,m109a7,.\m109a7\2-7-24-hrm (45).png
329,m109a7,.\m109a7\2-7-24-hrm (47).png
329,m109a7,.\m109a7\2-7-24-hrm (48).png
329,m109a7,.\m109a7\2-7-24-hrm (5).jpg
329,m109a7,.\m109a7\2-7-24-hrm (6).jpg
329,m109a7,.\m109a7\2-7-24-hrm (7).jpg
329,m109a7,.\m109a7\2-7-24-hrm (8).jpg
329,m109a7,.\m109a7\2-7-24-hrm (8).png
329,m109a7,.\m109a7\2-7-25-hrm (1).jpg
329,m109a7,.\m109a7\2-7-25-hrm (11).jpg
329,m109a7,.\m109a7\2-7-25-hrm (11).png
329,m109a7,.\m109a7\2-7-25-hrm (12).jpg
329,m109a7,.\m109a7\2-7-25-hrm (13).jpg
329,m109a7,.\m109a7\2-7-25-hrm (13).png
329,m109a7,.\m109a7\2-7-25-hrm (16).png
329,m109a7,.\m109a7\2-7-25-hrm (19).jpg
329,m109a7,.\m109a7\2-7-25-hrm (2).jpg
329,m109a7,.\m109a7\2-7-25-hrm (20).png
329,m109a7,.\m109a7\2-7-25-hrm (24).jpg
329,m109a7,.\m109a7\2-7-25-hrm (25).jpg
329,m109a7,.\m109a7\2-7-25-hrm (25).png
329,m109a7,.\m109a7\2-7-25-hrm (27).jpg
329,m109a7,.\m109a7\2-7-25-hrm (29).jpg
329,m109a7,.\m109a7\2-7-25-hrm (29).png
329,m109a7,.\m109a7\2-7-25-hrm (3).jpg
329,m109a7,.\m109a7\2-7-25-hrm (30).jpg
329,m109a7,.\m109a7\2-7-25-hrm (31).png
329,m109a7,.\m109a7\2-7-25-hrm (32).png
329,m109a7,.\m109a7\2-7-25-hrm (33).png
329,m109a7,.\m109a7\2-7-25-hrm (34).png
329,m109a7,.\m109a7\2-7-25-hrm (35).png
329,m109a7,.\m109a7\2-7-25-hrm (36).png
329,m109a7,.\m109a7\2-7-25-hrm (39).png
329,m109a7,.\m109a7\2-7-26-hrm (1).jpg
329,m109a7,.\m109a7\2-7-26-hrm (10).jpg
329,m109a7,.\m109a7\2-7-26-hrm (11).jpg
329,m109a7,.\m109a7\2-7-26-hrm (12).jpg
329,m109a7,.\m109a7\2-7-26-hrm (13).jpg
329,m109a7,.\m109a7\2-7-26-hrm (14).jpg
329,m109a7,.\m109a7\2-7-26-hrm (15).jpg
329,m109a7,.\m109a7\2-7-26-hrm (16).jpg
329,m109a7,.\m109a7\2-7-26-hrm (17).jpg
329,m109a7,.\m109a7\2-7-26-hrm (19).jpg
329,m109a7,.\m109a7\2-7-26-hrm (20).jpg
329,m109a7,.\m109a7\2-7-26-hrm (21).jpg
329,m109a7,.\m109a7\2-7-26-hrm (24).jpg
329,m109a7,.\m109a7\2-7-26-hrm (25).jpg
329,m109a7,.\m109a7\2-7-26-hrm (26).jpg
329,m109a7,.\m109a7\2-7-26-hrm (27).jpg
329,m109a7,.\m109a7\2-7-26-hrm (4).jpg
329,m109a7,.\m109a7\2-7-26-hrm (7).jpg
329,m109a7,.\m109a7\2-7-26-hrm (8).jpg
329,m109a7,.\m109a7\2-7-26-hrm (9).jpg
329,m109a7,.\m109a7\3-725 (1).jpg
329,m109a7,.\m109a7\3-725 (10).jpg
329,m109a7,.\m109a7\3-725 (11).jpg
329,m109a7,.\m109a7\3-725 (12).jpg
329,m109a7,.\m109a7\3-725 (16).jpg
329,m109a7,.\m109a7\3-725 (17).jpg
329,m109a7,.\m109a7\3-725 (19).jpg
329,m109a7,.\m109a7\3-725 (2).jpg
329,m109a7,.\m109a7\3-725 (20).jpg
329,m109a7,.\m109a7\3-725 (22).jpg
329,m109a7,.\m109a7\3-725 (23).jpg
329,m109a7,.\m109a7\3-725 (26).jpg
329,m109a7,.\m109a7\3-725 (27).jpg
329,m109a7,.\m109a7\3-725 (31).jpg
329,m109a7,.\m109a7\3-725 (35).jpg
329,m109a7,.\m109a7\3-725 (36).jpg
329,m109a7,.\m109a7\3-725 (4).jpg
329,m109a7,.\m109a7\3-725 (7).jpg
329,m109a7,.\m109a7\3-725 (8).jpg
329,m109a7,.\m109a7\3-725 (9).jpg
329,m109a7,.\m109a7\3-cjg-724 (11).png
329,m109a7,.\m109a7\3-cjg-724 (16).png
329,m109a7,.\m109a7\3-cjg-724 (17).png
329,m109a7,.\m109a7\3-cjg-724 (4).png
329,m109a7,.\m109a7\3-cjg-724 (5).png
329,m109a7,.\m109a7\3-RGU-318.jpg
329,m109a7,.\m109a7\-500\2-7-17-7-329 hrm (118).jpg
329,m109a7,.\m109a7\-500\2-7-17-7-329 hrm (136).jpg
329,m109a7,.\m109a7\-500\2-7-17-7-329 hrm (14).jpg
329,m109a7,.\m109a7\-500\2-7-17-7-329 hrm (140).jpg
329,m109a7,.\m109a7\-500\2-7-17-7-329 hrm (144).jpg
329,m109a7,.\m109a7\-500\2-7-17-7-329 hrm (2).png
329,m109a7,.\m109a7\-500\2-7-17-7-329 hrm (21).png
329,m109a7,.\m109a7\-500\2-7-17-7-329 hrm (22).png
329,m109a7,.\m109a7\-500\2-7-17-7-329 hrm (23).jpg
329,m109a7,.\m109a7\-500\2-7-17-7-329 hrm (23).png
329,m109a7,.\m109a7\-500\2-7-17-7-329 hrm (24).jpeg
329,m109a7,.\m109a7\-500\2-7-17-7-329 hrm (29).jpg
329,m109a7,.\m109a7\-500\2-7-17-7-329 hrm (29).png
329,m109a7,.\m109a7\-500\2-7-17-7-329 hrm (30).jpeg
329,m109a7,.\m109a7\-500\2-7-17-7-329 hrm (30).jpg
329,m109a7,.\m109a7\-500\2-7-17-7-329 hrm (33).png
329,m109a7,.\m109a7\-500\2-7-17-7-329 hrm (34).png
329,m109a7,.\m109a7\-500\2-7-17-7-329 hrm (37).png
329,m109a7,.\m109a7\-500\2-7-17-7-329 hrm (42).jpeg
329,m109a7,.\m109a7\-500\2-7-17-7-329 hrm (42).png
329,m109a7,.\m109a7\-500\2-7-17-7-329 hrm (46).png
329,m109a7,.\m109a7\-500\2-7-17-7-329 hrm (47).jpg
329,m109a7,.\m109a7\-500\2-7-17-7-329 hrm (47).png
329,m109a7,.\m109a7\-500\2-7-17-7-329 hrm (51).jpg
329,m109a7,.\m109a7\-500\2-7-17-7-329 hrm (52).jpeg
329,m109a7,.\m109a7\-500\2-7-17-7-329 hrm (53).jpg
329,m109a7,.\m109a7\-500\2-7-17-7-329 hrm (55).jpeg
329,m109a7,.\m109a7\-500\2-7-17-7-329 hrm (59).jpg
329,m109a7,.\m109a7\-500\2-7-17-7-329 hrm (60).jpg
329,m109a7,.\m109a7\-500\2-7-17-7-329 hrm (62).jpg
329,m109a7,.\m109a7\-500\2-7-17-7-329 hrm (7).jpeg
329,m109a7,.\m109a7\-500\2-7-17-7-329 hrm (74).jpg
329,m109a7,.\m109a7\-500\2-7-17-7-329 hrm (79).jpg
329,m109a7,.\m109a7\-500\2-7-17-7-329 hrm (83).jpg
329,m109a7,.\m109a7\-500\2-7-17-7-329 hrm (85).jpg
329,m109a7,.\m109a7\-500\2-7-17-7-329 hrm (91).jpg
329,m109a7,.\m109a7\-500\2-7-17-7-329 hrm (97).jpg
329,m109a7,.\m109a7\-500\2-7-17-7-329 hrm (98).jpg
329,m109a7,.\m109a7\-500\2-7-18-08-329-hrm (100).png
329,m109a7,.\m109a7\-500\2-7-18-08-329-hrm (101).png
329,m109a7,.\m109a7\-500\2-7-18-08-329-hrm (104).png
329,m109a7,.\m109a7\-500\2-7-18-08-329-hrm (105).png
329,m109a7,.\m109a7\-500\2-7-18-08-329-hrm (106).png
329,m109a7,.\m109a7\-500\2-7-18-08-329-hrm (107).png
329,m109a7,.\m109a7\-500\2-7-18-08-329-hrm (108).png
329,m109a7,.\m109a7\-500\2-7-18-08-329-hrm (110).png
329,m109a7,.\m109a7\-500\2-7-18-08-329-hrm (111).png
329,m109a7,.\m109a7\-500\2-7-18-08-329-hrm (117).png
329,m109a7,.\m109a7\-500\2-7-18-08-329-hrm (118).png
329,m109a7,.\m109a7\-500\2-7-18-08-329-hrm (119).png
329,m109a7,.\m109a7\-500\2-7-18-08-329-hrm (12).png
329,m109a7,.\m109a7\-500\2-7-18-08-329-hrm (120).png
329,m109a7,.\m109a7\-500\2-7-18-08-329-hrm (125).png
329,m109a7,.\m109a7\-500\2-7-18-08-329-hrm (127).png
329,m109a7,.\m109a7\-500\2-7-18-08-329-hrm (13).png
329,m109a7,.\m109a7\-500\2-7-18-08-329-hrm (130).png
329,m109a7,.\m109a7\-500\2-7-18-08-329-hrm (134).png
329,m109a7,.\m109a7\-500\2-7-18-08-329-hrm (136).png
329,m109a7,.\m109a7\-500\2-7-18-08-329-hrm (14).png
329,m109a7,.\m109a7\-500\2-7-18-08-329-hrm (140).png
329,m109a7,.\m109a7\-500\2-7-18-08-329-hrm (142).png
329,m109a7,.\m109a7\-500\2-7-18-08-329-hrm (143).png
329,m109a7,.\m109a7\-500\2-7-18-08-329-hrm (145).png
329,m109a7,.\m109a7\-500\2-7-18-08-329-hrm (149).png
329,m109a7,.\m109a7\-500\2-7-18-08-329-hrm (15).jpg
329,m109a7,.\m109a7\-500\2-7-18-08-329-hrm (150).png
329,m109a7,.\m109a7\-500\2-7-18-08-329-hrm (153).png
329,m109a7,.\m109a7\-500\2-7-18-08-329-hrm (154).png
329,m109a7,.\m109a7\-500\2-7-18-08-329-hrm (155).png
329,m109a7,.\m109a7\-500\2-7-18-08-329-hrm (157).png
329,m109a7,.\m109a7\-500\2-7-18-08-329-hrm (159).png
329,m109a7,.\m109a7\-500\2-7-18-08-329-hrm (160).png
329,m109a7,.\m109a7\-500\2-7-18-08-329-hrm (161).png
329,m109a7,.\m109a7\-500\2-7-18-08-329-hrm (163).png
329,m109a7,.\m109a7\-500\2-7-18-08-329-hrm (167).png
329,m109a7,.\m109a7\-500\2-7-18-08-329-hrm (168).png
329,m109a7,.\m109a7\-500\2-7-18-08-329-hrm (169).png
329,m109a7,.\m109a7\-500\2-7-18-08-329-hrm (172).png
329,m109a7,.\m109a7\-500\2-7-18-08-329-hrm (173).png
329,m109a7,.\m109a7\-500\2-7-18-08-329-hrm (177).png
329,m109a7,.\m109a7\-500\2-7-18-08-329-hrm (186).png
329,m109a7,.\m109a7\-500\2-7-18-08-329-hrm (19).jpg
329,m109a7,.\m109a7\-500\2-7-18-08-329-hrm (195).png
329,m109a7,.\m109a7\-500\2-7-18-08-329-hrm (196).png
329,m109a7,.\m109a7\-500\2-7-18-08-329-hrm (2).png
329,m109a7,.\m109a7\-500\2-7-18-08-329-hrm (201).png
329,m109a7,.\m109a7\-500\2-7-18-08-329-hrm (202).png
329,m109a7,.\m109a7\-500\2-7-18-08-329-hrm (204).png
329,m109a7,.\m109a7\-500\2-7-18-08-329-hrm (21).jpg
329,m109a7,.\m109a7\-500\2-7-18-08-329-hrm (210).png
329,m109a7,.\m109a7\-500\2-7-18-08-329-hrm (211).png
329,m109a7,.\m109a7\-500\2-7-18-08-329-hrm (213).png
329,m109a7,.\m109a7\-500\2-7-18-08-329-hrm (214).png
329,m109a7,.\m109a7\-500\2-7-18-08-329-hrm (216).png
329,m109a7,.\m109a7\-500\2-7-18-08-329-hrm (22).png
329,m109a7,.\m109a7\-500\2-7-18-08-329-hrm (222).png
329,m109a7,.\m109a7\-500\2-7-18-08-329-hrm (223).png
329,m109a7,.\m109a7\-500\2-7-18-08-329-hrm (225).png
329,m109a7,.\m109a7\-500\2-7-18-08-329-hrm (227).png
329,m109a7,.\m109a7\-500\2-7-18-08-329-hrm (228).png
329,m109a7,.\m109a7\-500\2-7-18-08-329-hrm (229).png
329,m109a7,.\m109a7\-500\2-7-18-08-329-hrm (230).png
329,m109a7,.\m109a7\-500\2-7-18-08-329-hrm (231).png
329,m109a7,.\m109a7\-500\2-7-18-08-329-hrm (232).png
329,m109a7,.\m109a7\-500\2-7-18-08-329-hrm (233).png
329,m109a7,.\m109a7\-500\2-7-18-08-329-hrm (234).png
329,m109a7,.\m109a7\-500\2-7-18-08-329-hrm (237).png
329,m109a7,.\m109a7\-500\2-7-18-08-329-hrm (238).png
329,m109a7,.\m109a7\-500\2-7-18-08-329-hrm (24).jpg
329,m109a7,.\m109a7\-500\2-7-18-08-329-hrm (242).png
329,m109a7,.\m109a7\-500\2-7-18-08-329-hrm (245).png
329,m109a7,.\m109a7\-500\2-7-18-08-329-hrm (246).png
329,m109a7,.\m109a7\-500\2-7-18-08-329-hrm (247).png
329,m109a7,.\m109a7\-500\2-7-18-08-329-hrm (248).png
329,m109a7,.\m109a7\-500\2-7-18-08-329-hrm (250).png
329,m109a7,.\m109a7\-500\2-7-18-08-329-hrm (252).png
329,m109a7,.\m109a7\-500\2-7-18-08-329-hrm (254).png
329,m109a7,.\m109a7\-500\2-7-18-08-329-hrm (256).png
329,m109a7,.\m109a7\-500\2-7-18-08-329-hrm (260).png
329,m109a7,.\m109a7\-500\2-7-18-08-329-hrm (261).png
329,m109a7,.\m109a7\-500\2-7-18-08-329-hrm (27).jpg
329,m109a7,.\m109a7\-500\2-7-18-08-329-hrm (27).png
329,m109a7,.\m109a7\-500\2-7-18-08-329-hrm (3).jpg
329,m109a7,.\m109a7\-500\2-7-18-08-329-hrm (31).png
329,m109a7,.\m109a7\-500\2-7-18-08-329-hrm (34).png
329,m109a7,.\m109a7\-500\2-7-18-08-329-hrm (37).jpg
329,m109a7,.\m109a7\-500\2-7-18-08-329-hrm (37).png
329,m109a7,.\m109a7\-500\2-7-18-08-329-hrm (4).png
329,m109a7,.\m109a7\-500\2-7-18-08-329-hrm (40).png
329,m109a7,.\m109a7\-500\2-7-18-08-329-hrm (41).jpg
329,m109a7,.\m109a7\-500\2-7-18-08-329-hrm (46).jpg
329,m109a7,.\m109a7\-500\2-7-18-08-329-hrm (46).png
329,m109a7,.\m109a7\-500\2-7-18-08-329-hrm (47).jpg
329,m109a7,.\m109a7\-500\2-7-18-08-329-hrm (48).png
329,m109a7,.\m109a7\-500\2-7-18-08-329-hrm (51).jpg
329,m109a7,.\m109a7\-500\2-7-18-08-329-hrm (54).jpg
329,m109a7,.\m109a7\-500\2-7-18-08-329-hrm (54).png
329,m109a7,.\m109a7\-500\2-7-18-08-329-hrm (56).jpg
329,m109a7,.\m109a7\-500\2-7-18-08-329-hrm (57).png
329,m109a7,.\m109a7\-500\2-7-18-08-329-hrm (59).jpg
329,m109a7,.\m109a7\-500\2-7-18-08-329-hrm (6).jpg
329,m109a7,.\m109a7\-500\2-7-18-08-329-hrm (6).png
329,m109a7,.\m109a7\-500\2-7-18-08-329-hrm (60).jpg
329,m109a7,.\m109a7\-500\2-7-18-08-329-hrm (60).png
329,m109a7,.\m109a7\-500\2-7-18-08-329-hrm (61).jpg
329,m109a7,.\m109a7\-500\2-7-18-08-329-hrm (61).png
329,m109a7,.\m109a7\-500\2-7-18-08-329-hrm (62).png
329,m109a7,.\m109a7\-500\2-7-18-08-329-hrm (63).jpg
329,m109a7,.\m109a7\-500\2-7-18-08-329-hrm (64).jpg
329,m109a7,.\m109a7\-500\2-7-18-08-329-hrm (65).png
329,m109a7,.\m109a7\-500\2-7-18-08-329-hrm (66).jpg
329,m109a7,.\m109a7\-500\2-7-18-08-329-hrm (67).jpg
329,m109a7,.\m109a7\-500\2-7-18-08-329-hrm (68).png
329,m109a7,.\m109a7\-500\2-7-18-08-329-hrm (70).png
329,m109a7,.\m109a7\-500\2-7-18-08-329-hrm (76).jpg
329,m109a7,.\m109a7\-500\2-7-18-08-329-hrm (78).jpg
329,m109a7,.\m109a7\-500\2-7-18-08-329-hrm (78).png
329,m109a7,.\m109a7\-500\2-7-18-08-329-hrm (80).jpg
329,m109a7,.\m109a7\-500\2-7-18-08-329-hrm (82).png
329,m109a7,.\m109a7\-500\2-7-18-08-329-hrm (83).jpg
329,m109a7,.\m109a7\-500\2-7-18-08-329-hrm (83).png
329,m109a7,.\m109a7\-500\2-7-18-08-329-hrm (87).png
329,m109a7,.\m109a7\-500\2-7-18-08-329-hrm (88).jpg
329,m109a7,.\m109a7\-500\2-7-18-08-329-hrm (88).png
329,m109a7,.\m109a7\-500\2-7-18-08-329-hrm (89).jpg
329,m109a7,.\m109a7\-500\2-7-18-08-329-hrm (90).jpg
329,m109a7,.\m109a7\-500\2-7-18-08-329-hrm (91).jpg
329,m109a7,.\m109a7\-500\2-7-18-08-329-hrm (91).png
329,m109a7,.\m109a7\-500\2-7-18-08-329-hrm (93).png
329,m109a7,.\m109a7\-500\2-7-18-08-329-hrm (94).png
329,m109a7,.\m109a7\-500\2-7-18-08-329-hrm (95).jpg
329,m109a7,.\m109a7\-500\2-7-18-08-329-hrm (96).jpg
329,m109a7,.\m109a7\-500\2-7-18-17-329-hrm (1).jpg
329,m109a7,.\m109a7\-500\2-7-18-17-329-hrm (1).png
329,m109a7,.\m109a7\-500\2-7-18-17-329-hrm (10).jpg
329,m109a7,.\m109a7\-500\2-7-18-17-329-hrm (10).png
329,m109a7,.\m109a7\-500\2-7-18-17-329-hrm (105).png
329,m109a7,.\m109a7\-500\2-7-18-17-329-hrm (106).png
329,m109a7,.\m109a7\-500\2-7-18-17-329-hrm (108).png
329,m109a7,.\m109a7\-500\2-7-18-17-329-hrm (109).png
329,m109a7,.\m109a7\-500\2-7-18-17-329-hrm (11).jpg
329,m109a7,.\m109a7\-500\2-7-18-17-329-hrm (11).png
329,m109a7,.\m109a7\-500\2-7-18-17-329-hrm (110).png
329,m109a7,.\m109a7\-500\2-7-18-17-329-hrm (113).png
329,m109a7,.\m109a7\-500\2-7-18-17-329-hrm (115).png
329,m109a7,.\m109a7\-500\2-7-18-17-329-hrm (116).png
329,m109a7,.\m109a7\-500\2-7-18-17-329-hrm (122).png
329,m109a7,.\m109a7\-500\2-7-18-17-329-hrm (124).png
329,m109a7,.\m109a7\-500\2-7-18-17-329-hrm (128).png
329,m109a7,.\m109a7\-500\2-7-18-17-329-hrm (129).png
329,m109a7,.\m109a7\-500\2-7-18-17-329-hrm (132).png
329,m109a7,.\m109a7\-500\2-7-18-17-329-hrm (133).png
329,m109a7,.\m109a7\-500\2-7-18-17-329-hrm (134).png
329,m109a7,.\m109a7\-500\2-7-18-17-329-hrm (137).png
329,m109a7,.\m109a7\-500\2-7-18-17-329-hrm (139).png
329,m109a7,.\m109a7\-500\2-7-18-17-329-hrm (14).jpg
329,m109a7,.\m109a7\-500\2-7-18-17-329-hrm (141).png
329,m109a7,.\m109a7\-500\2-7-18-17-329-hrm (144).png
329,m109a7,.\m109a7\-500\2-7-18-17-329-hrm (146).png
329,m109a7,.\m109a7\-500\2-7-18-17-329-hrm (147).png
329,m109a7,.\m109a7\-500\2-7-18-17-329-hrm (148).png
329,m109a7,.\m109a7\-500\2-7-18-17-329-hrm (15).jpg
329,m109a7,.\m109a7\-500\2-7-18-17-329-hrm (15).png
329,m109a7,.\m109a7\-500\2-7-18-17-329-hrm (150).png
329,m109a7,.\m109a7\-500\2-7-18-17-329-hrm (151).png
329,m109a7,.\m109a7\-500\2-7-18-17-329-hrm (153).png
329,m109a7,.\m109a7\-500\2-7-18-17-329-hrm (156).png
329,m109a7,.\m109a7\-500\2-7-18-17-329-hrm (159).png
329,m109a7,.\m109a7\-500\2-7-18-17-329-hrm (16).jpg
329,m109a7,.\m109a7\-500\2-7-18-17-329-hrm (164).png
329,m109a7,.\m109a7\-500\2-7-18-17-329-hrm (165).png
329,m109a7,.\m109a7\-500\2-7-18-17-329-hrm (167).png
329,m109a7,.\m109a7\-500\2-7-18-17-329-hrm (169).png
329,m109a7,.\m109a7\-500\2-7-18-17-329-hrm (17).jpg
329,m109a7,.\m109a7\-500\2-7-18-17-329-hrm (17).png
329,m109a7,.\m109a7\-500\2-7-18-17-329-hrm (171).png
329,m109a7,.\m109a7\-500\2-7-18-17-329-hrm (172).png
329,m109a7,.\m109a7\-500\2-7-18-17-329-hrm (173).png
329,m109a7,.\m109a7\-500\2-7-18-17-329-hrm (178).png
329,m109a7,.\m109a7\-500\2-7-18-17-329-hrm (18).jpg
329,m109a7,.\m109a7\-500\2-7-18-17-329-hrm (18).png
329,m109a7,.\m109a7\-500\2-7-18-17-329-hrm (184).png
329,m109a7,.\m109a7\-500\2-7-18-17-329-hrm (188).png
329,m109a7,.\m109a7\-500\2-7-18-17-329-hrm (191).png
329,m109a7,.\m109a7\-500\2-7-18-17-329-hrm (196).png
329,m109a7,.\m109a7\-500\2-7-18-17-329-hrm (197).png
329,m109a7,.\m109a7\-500\2-7-18-17-329-hrm (198).png
329,m109a7,.\m109a7\-500\2-7-18-17-329-hrm (2).png
329,m109a7,.\m109a7\-500\2-7-18-17-329-hrm (201).png
329,m109a7,.\m109a7\-500\2-7-18-17-329-hrm (202).png
329,m109a7,.\m109a7\-500\2-7-18-17-329-hrm (203).png
329,m109a7,.\m109a7\-500\2-7-18-17-329-hrm (208).png
329,m109a7,.\m109a7\-500\2-7-18-17-329-hrm (21).jpg
329,m109a7,.\m109a7\-500\2-7-18-17-329-hrm (21).png
329,m109a7,.\m109a7\-500\2-7-18-17-329-hrm (210).png
329,m109a7,.\m109a7\-500\2-7-18-17-329-hrm (214).png
329,m109a7,.\m109a7\-500\2-7-18-17-329-hrm (219).png
329,m109a7,.\m109a7\-500\2-7-18-17-329-hrm (22).jpg
329,m109a7,.\m109a7\-500\2-7-18-17-329-hrm (224).png
329,m109a7,.\m109a7\-500\2-7-18-17-329-hrm (225).png
329,m109a7,.\m109a7\-500\2-7-18-17-329-hrm (227).png
329,m109a7,.\m109a7\-500\2-7-18-17-329-hrm (229).png
329,m109a7,.\m109a7\-500\2-7-18-17-329-hrm (23).jpg
329,m109a7,.\m109a7\-500\2-7-18-17-329-hrm (23).png
329,m109a7,.\m109a7\-500\2-7-18-17-329-hrm (233).png
329,m109a7,.\m109a7\-500\2-7-18-17-329-hrm (235).png
329,m109a7,.\m109a7\-500\2-7-18-17-329-hrm (236).png
329,m109a7,.\m109a7\-500\2-7-18-17-329-hrm (237).png
329,m109a7,.\m109a7\-500\2-7-18-17-329-hrm (24).png
329,m109a7,.\m109a7\-500\2-7-18-17-329-hrm (241).png
329,m109a7,.\m109a7\-500\2-7-18-17-329-hrm (242).png
329,m109a7,.\m109a7\-500\2-7-18-17-329-hrm (244).png
329,m109a7,.\m109a7\-500\2-7-18-17-329-hrm (248).png
329,m109a7,.\m109a7\-500\2-7-18-17-329-hrm (250).png
329,m109a7,.\m109a7\-500\2-7-18-17-329-hrm (252).png
329,m109a7,.\m109a7\-500\2-7-18-17-329-hrm (254).png
329,m109a7,.\m109a7\-500\2-7-18-17-329-hrm (257).png
329,m109a7,.\m109a7\-500\2-7-18-17-329-hrm (258).png
329,m109a7,.\m109a7\-500\2-7-18-17-329-hrm (259).png
329,m109a7,.\m109a7\-500\2-7-18-17-329-hrm (26).png
329,m109a7,.\m109a7\-500\2-7-18-17-329-hrm (260).png
329,m109a7,.\m109a7\-500\2-7-18-17-329-hrm (264).png
329,m109a7,.\m109a7\-500\2-7-18-17-329-hrm (270).png
329,m109a7,.\m109a7\-500\2-7-18-17-329-hrm (272).png
329,m109a7,.\m109a7\-500\2-7-18-17-329-hrm (28).png
329,m109a7,.\m109a7\-500\2-7-18-17-329-hrm (281).png
329,m109a7,.\m109a7\-500\2-7-18-17-329-hrm (283).png
329,m109a7,.\m109a7\-500\2-7-18-17-329-hrm (285).png
329,m109a7,.\m109a7\-500\2-7-18-17-329-hrm (286).png
329,m109a7,.\m109a7\-500\2-7-18-17-329-hrm (290).png
329,m109a7,.\m109a7\-500\2-7-18-17-329-hrm (292).png
329,m109a7,.\m109a7\-500\2-7-18-17-329-hrm (293).png
329,m109a7,.\m109a7\-500\2-7-18-17-329-hrm (294).png
329,m109a7,.\m109a7\-500\2-7-18-17-329-hrm (299).png
329,m109a7,.\m109a7\-500\2-7-18-17-329-hrm (3).png
329,m109a7,.\m109a7\-500\2-7-18-17-329-hrm (30).png
329,m109a7,.\m109a7\-500\2-7-18-17-329-hrm (303).png
329,m109a7,.\m109a7\-500\2-7-18-17-329-hrm (305).png
329,m109a7,.\m109a7\-500\2-7-18-17-329-hrm (306).png
329,m109a7,.\m109a7\-500\2-7-18-17-329-hrm (309).png
329,m109a7,.\m109a7\-500\2-7-18-17-329-hrm (312).png
329,m109a7,.\m109a7\-500\2-7-18-17-329-hrm (314).png
329,m109a7,.\m109a7\-500\2-7-18-17-329-hrm (32).png
329,m109a7,.\m109a7\-500\2-7-18-17-329-hrm (321).png
329,m109a7,.\m109a7\-500\2-7-18-17-329-hrm (324).png
329,m109a7,.\m109a7\-500\2-7-18-17-329-hrm (325).png
329,m109a7,.\m109a7\-500\2-7-18-17-329-hrm (330).png
329,m109a7,.\m109a7\-500\2-7-18-17-329-hrm (41).png
329,m109a7,.\m109a7\-500\2-7-18-17-329-hrm (42).png
329,m109a7,.\m109a7\-500\2-7-18-17-329-hrm (46).png
329,m109a7,.\m109a7\-500\2-7-18-17-329-hrm (47).png
329,m109a7,.\m109a7\-500\2-7-18-17-329-hrm (48).png
329,m109a7,.\m109a7\-500\2-7-18-17-329-hrm (49).png
329,m109a7,.\m109a7\-500\2-7-18-17-329-hrm (5).jpeg
329,m109a7,.\m109a7\-500\2-7-18-17-329-hrm (5).jpg
329,m109a7,.\m109a7\-500\2-7-18-17-329-hrm (5).png
329,m109a7,.\m109a7\-500\2-7-18-17-329-hrm (52).png
329,m109a7,.\m109a7\-500\2-7-18-17-329-hrm (53).png
329,m109a7,.\m109a7\-500\2-7-18-17-329-hrm (54).png
329,m109a7,.\m109a7\-500\2-7-18-17-329-hrm (55).png
329,m109a7,.\m109a7\-500\2-7-18-17-329-hrm (56).png
329,m109a7,.\m109a7\-500\2-7-18-17-329-hrm (6).jpeg
329,m109a7,.\m109a7\-500\2-7-18-17-329-hrm (6).jpg
329,m109a7,.\m109a7\-500\2-7-18-17-329-hrm (6).png
329,m109a7,.\m109a7\-500\2-7-18-17-329-hrm (60).png
329,m109a7,.\m109a7\-500\2-7-18-17-329-hrm (61).png
329,m109a7,.\m109a7\-500\2-7-18-17-329-hrm (64).png
329,m109a7,.\m109a7\-500\2-7-18-17-329-hrm (7).jpg
329,m109a7,.\m109a7\-500\2-7-18-17-329-hrm (71).png
329,m109a7,.\m109a7\-500\2-7-18-17-329-hrm (73).png
329,m109a7,.\m109a7\-500\2-7-18-17-329-hrm (74).png
329,m109a7,.\m109a7\-500\2-7-18-17-329-hrm (77).png
329,m109a7,.\m109a7\-500\2-7-18-17-329-hrm (8).jpg
329,m109a7,.\m109a7\-500\2-7-18-17-329-hrm (8).png
329,m109a7,.\m109a7\-500\2-7-18-17-329-hrm (81).png
329,m109a7,.\m109a7\-500\2-7-18-17-329-hrm (83).png
329,m109a7,.\m109a7\-500\2-7-18-17-329-hrm (85).png
329,m109a7,.\m109a7\-500\2-7-18-17-329-hrm (86).png
329,m109a7,.\m109a7\-500\2-7-18-17-329-hrm (9).jpg
329,m109a7,.\m109a7\-500\2-7-18-17-329-hrm (9).png
329,m109a7,.\m109a7\-500\2-7-18-17-329-hrm (91).png
329,m109a7,.\m109a7\-500\2-7-18-17-329-hrm (92).png
329,m109a7,.\m109a7\-500\2-7-18-17-329-hrm (94).png
329,m109a7,.\m109a7\-500\2-7-18-17-329-hrm (95).png
329,m109a7,.\m109a7\-500\2-7-18-17-329-hrm (99).png
329,m109a7,.\m109a7\-500\2-7-19-2-hrm (1).png
329,m109a7,.\m109a7\-500\2-7-19-2-hrm (103).png
329,m109a7,.\m109a7\-500\2-7-19-2-hrm (105).png
329,m109a7,.\m109a7\-500\2-7-19-2-hrm (114).png
329,m109a7,.\m109a7\-500\2-7-19-2-hrm (121).png
329,m109a7,.\m109a7\-500\2-7-19-2-hrm (129).png
329,m109a7,.\m109a7\-500\2-7-19-2-hrm (140).png
329,m109a7,.\m109a7\-500\2-7-19-2-hrm (141).png
329,m109a7,.\m109a7\-500\2-7-19-2-hrm (144).png
329,m109a7,.\m109a7\-500\2-7-19-2-hrm (151).png
329,m109a7,.\m109a7\-500\2-7-19-2-hrm (155).png
329,m109a7,.\m109a7\-500\2-7-19-2-hrm (16).png
329,m109a7,.\m109a7\-500\2-7-19-2-hrm (160).png
329,m109a7,.\m109a7\-500\2-7-19-2-hrm (162).png
329,m109a7,.\m109a7\-500\2-7-19-2-hrm (163).png
329,m109a7,.\m109a7\-500\2-7-19-2-hrm (17).png
329,m109a7,.\m109a7\-500\2-7-19-2-hrm (186).png
329,m109a7,.\m109a7\-500\2-7-19-2-hrm (19).png
329,m109a7,.\m109a7\-500\2-7-19-2-hrm (193).png
329,m109a7,.\m109a7\-500\2-7-19-2-hrm (196).png
329,m109a7,.\m109a7\-500\2-7-19-2-hrm (200).png
329,m109a7,.\m109a7\-500\2-7-19-2-hrm (204).png
329,m109a7,.\m109a7\-500\2-7-19-2-hrm (24).png
329,m109a7,.\m109a7\-500\2-7-19-2-hrm (32).png
329,m109a7,.\m109a7\-500\2-7-19-2-hrm (35).png
329,m109a7,.\m109a7\-500\2-7-19-2-hrm (45).png
329,m109a7,.\m109a7\-500\2-7-19-2-hrm (5).png
329,m109a7,.\m109a7\-500\2-7-19-2-hrm (50).png
329,m109a7,.\m109a7\-500\2-7-19-2-hrm (55).png
329,m109a7,.\m109a7\-500\2-7-19-2-hrm (6).png
329,m109a7,.\m109a7\-500\2-7-19-2-hrm (60).png
329,m109a7,.\m109a7\-500\2-7-19-2-hrm (63).png
329,m109a7,.\m109a7\-500\2-7-19-2-hrm (70).png
329,m109a7,.\m109a7\-500\2-7-19-2-hrm (72).png
329,m109a7,.\m109a7\-500\2-7-19-2-hrm (73).png
329,m109a7,.\m109a7\-500\2-7-19-2-hrm (91).png
329,m109a7,.\m109a7\-500\2-7-19-2-hrm (96).png
329,m109a7,.\m109a7\-500\2-7-19-2-hrm (99).png
329,m109a7,.\m109a7\-500\2-7-20-329-hrm (2).jpg
329,m109a7,.\m109a7\-500\2-7-20-329-hrm (20).jpg
329,m109a7,.\m109a7\-500\2-7-20-329-hrm (23).jpg
329,m109a7,.\m109a7\-500\2-7-20-329-hrm (24).jpg
329,m109a7,.\m109a7\-500\2-7-20-329-hrm (25).jpg
329,m109a7,.\m109a7\-500\2-7-20-329-hrm (29).jpg
329,m109a7,.\m109a7\-500\2-7-20-329-hrm (32).jpg
329,m109a7,.\m109a7\-500\2-7-20-329-hrm (39).jpg
329,m109a7,.\m109a7\-500\2-7-20-329-hrm (44).jpg
329,m109a7,.\m109a7\-500\2-7-20-329-hrm (45).jpg
329,m109a7,.\m109a7\-500\2-7-20-329-hrm (47).jpg
329,m109a7,.\m109a7\-500\2-7-20-329-hrm (48).jpg
329,m109a7,.\m109a7\-500\2-7-20-329-hrm (57).jpg
329,m109a7,.\m109a7\-500\2-7-20-329-hrm (64).jpg
329,m109a7,.\m109a7\-500\2-hrm-7-17 (1).jpeg
329,m109a7,.\m109a7\-500\2-hrm-7-17 (1).jpg
329,m109a7,.\m109a7\-500\2-hrm-7-17 (1).png
329,m109a7,.\m109a7\-500\2-hrm-7-17 (10).jpeg
329,m109a7,.\m109a7\-500\2-hrm-7-17 (10).jpg
329,m109a7,.\m109a7\-500\2-hrm-7-17 (11).jpg
329,m109a7,.\m109a7\-500\2-hrm-7-17 (12).png
329,m109a7,.\m109a7\-500\2-hrm-7-17 (13).jpg
329,m109a7,.\m109a7\-500\2-hrm-7-17 (16).jpg
329,m109a7,.\m109a7\-500\2-hrm-7-17 (2).jpeg
329,m109a7,.\m109a7\-500\2-hrm-7-17 (22).jpg
329,m109a7,.\m109a7\-500\2-hrm-7-17 (23).jpg
329,m109a7,.\m109a7\-500\2-hrm-7-17 (26).jpg
329,m109a7,.\m109a7\-500\2-hrm-7-17 (29).jpg
329,m109a7,.\m109a7\-500\2-hrm-7-17 (3).jpg
329,m109a7,.\m109a7\-500\2-hrm-7-17 (34).jpg
329,m109a7,.\m109a7\-500\2-hrm-7-17 (36).jpg
329,m109a7,.\m109a7\-500\2-hrm-7-17 (4).jpg
329,m109a7,.\m109a7\-500\2-hrm-7-17 (42).jpg
329,m109a7,.\m109a7\-500\2-hrm-7-17 (46).jpg
329,m109a7,.\m109a7\-500\2-hrm-7-17 (47).jpg
329,m109a7,.\m109a7\-500\2-hrm-7-17 (5).jpg
329,m109a7,.\m109a7\-500\2-hrm-7-17 (53).jpg
329,m109a7,.\m109a7\-500\2-hrm-7-17 (55).jpg
329,m109a7,.\m109a7\-500\2-hrm-7-17 (58).jpg
329,m109a7,.\m109a7\-500\2-hrm-7-17 (6).jpeg
329,m109a7,.\m109a7\-500\2-hrm-7-17 (60).jpg
329,m109a7,.\m109a7\-500\2-hrm-7-17 (61).jpg
329,m109a7,.\m109a7\-500\2-hrm-7-17 (62).jpg
329,m109a7,.\m109a7\-500\2-hrm-7-17 (63).jpg
329,m109a7,.\m109a7\-500\2-hrm-7-17 (66).jpg
329,m109a7,.\m109a7\-500\2-hrm-7-17 (67).jpg
329,m109a7,.\m109a7\-500\2-hrm-7-17 (68).jpg
329,m109a7,.\m109a7\-500\2-hrm-7-17 (7).png
329,m109a7,.\m109a7\-500\2-hrm-7-17 (70).jpg
329,m109a7,.\m109a7\-500\2-hrm-7-17 (73).jpg
329,m109a7,.\m109a7\-500\2-hrm-7-17 (74).jpg
329,m109a7,.\m109a7\-500\2-hrm-7-17 (75).jpg
329,m109a7,.\m109a7\-500\2-hrm-7-17 (77).jpg
329,m109a7,.\m109a7\-500\2-hrm-7-17 (79).jpg
329,m109a7,.\m109a7\-500\2-hrm-7-17 (8).png
329,m109a7,.\m109a7\-500\2-hrm-7-17 (80).jpg
329,m109a7,.\m109a7\-500\2-hrm-7-17 (9).png
329,m109a7,.\m109a7\-500\3-cjg-717 (1).png
329,m109a7,.\m109a7\-500\3-cjg-717 (10).jpg
329,m109a7,.\m109a7\-500\3-cjg-717 (11).jpg
329,m109a7,.\m109a7\-500\3-cjg-717 (11).png
329,m109a7,.\m109a7\-500\3-cjg-717 (12).png
329,m109a7,.\m109a7\-500\3-cjg-717 (13).png
329,m109a7,.\m109a7\-500\3-cjg-717 (14).jpg
329,m109a7,.\m109a7\-500\3-cjg-717 (15).jpg
329,m109a7,.\m109a7\-500\3-cjg-717 (15).png
329,m109a7,.\m109a7\-500\3-cjg-717 (16).jpg
329,m109a7,.\m109a7\-500\3-cjg-717 (17).png
329,m109a7,.\m109a7\-500\3-cjg-717 (18).png
329,m109a7,.\m109a7\-500\3-cjg-717 (19).png
329,m109a7,.\m109a7\-500\3-cjg-717 (2).jpg
329,m109a7,.\m109a7\-500\3-cjg-717 (2).png
329,m109a7,.\m109a7\-500\3-cjg-717 (20).png
329,m109a7,.\m109a7\-500\3-cjg-717 (21).png
329,m109a7,.\m109a7\-500\3-cjg-717 (22).png
329,m109a7,.\m109a7\-500\3-cjg-717 (24).png
329,m109a7,.\m109a7\-500\3-cjg-717 (25).png
329,m109a7,.\m109a7\-500\3-cjg-717 (28).png
329,m109a7,.\m109a7\-500\3-cjg-717 (29).png
329,m109a7,.\m109a7\-500\3-cjg-717 (3).jpg
329,m109a7,.\m109a7\-500\3-cjg-717 (3).png
329,m109a7,.\m109a7\-500\3-cjg-717 (30).png
329,m109a7,.\m109a7\-500\3-cjg-717 (4).jpg
329,m109a7,.\m109a7\-500\3-cjg-717 (4).png
329,m109a7,.\m109a7\-500\3-cjg-717 (5).jpg
329,m109a7,.\m109a7\-500\3-cjg-717 (6).jpg
329,m109a7,.\m109a7\-500\3-cjg-717 (6).png
329,m109a7,.\m109a7\-500\3-cjg-717 (7).png
329,m109a7,.\m109a7\-500\3-cjg-717 (8).jpg
329,m109a7,.\m109a7\-500\3-cjg-717 (8).png
329,m109a7,.\m109a7\-500\3-cjg-717 (9).jpg
329,m109a7,.\m109a7\-500\3-cjg-717 (9).png
329,m109a7,.\m109a7\-500\3-cjg-717-3 (100).jpg
329,m109a7,.\m109a7\-500\3-cjg-717-3 (101).jpg
329,m109a7,.\m109a7\-500\3-cjg-717-3 (105).jpg
329,m109a7,.\m109a7\-500\3-cjg-717-3 (106).jpg
329,m109a7,.\m109a7\-500\3-cjg-717-3 (48).png
329,m109a7,.\m109a7\-500\3-cjg-717-3 (50).png
329,m109a7,.\m109a7\-500\3-cjg-717-3 (51).png
329,m109a7,.\m109a7\-500\3-cjg-717-3 (56).jpg
329,m109a7,.\m109a7\-500\3-cjg-717-3 (57).jpg
329,m109a7,.\m109a7\-500\3-cjg-717-3 (68).jpg
329,m109a7,.\m109a7\-500\3-cjg-717-3 (69).jpg
329,m109a7,.\m109a7\-500\3-cjg-717-3 (70).jpg
329,m109a7,.\m109a7\-500\3-cjg-717-3 (77).jpg
329,m109a7,.\m109a7\-500\3-cjg-717-3 (78).jpg
329,m109a7,.\m109a7\-500\3-cjg-717-3 (80).jpg
329,m109a7,.\m109a7\-500\3-cjg-717-3 (84).jpg
329,m109a7,.\m109a7\-500\3-cjg-717-3 (85).jpg
329,m109a7,.\m109a7\-500\3-cjg-717-3 (86).jpg
329,m109a7,.\m109a7\-500\3-cjg-717-3 (87).jpg
329,m109a7,.\m109a7\-500\3-cjg-717-3 (88).jpg
329,m109a7,.\m109a7\-500\3-cjg-717-3 (90).jpg
329,m109a7,.\m109a7\-500\3-cjg-717-3 (91).jpg
329,m109a7,.\m109a7\-500\3-cjg-717-3 (92).jpg
329,m109a7,.\m109a7\-500\3-cjg-717-3 (93).jpg
329,m109a7,.\m109a7\-500\3-cjg-717-3 (94).jpg
329,m109a7,.\m109a7\-500\3-cjg-717-3 (98).jpg
329,m109a7,.\m109a7\-500\3-cjg-717-3 (99).jpg
329,m109a7,.\m109a7\-500\3-cjg-719 (103).png
329,m109a7,.\m109a7\-500\3-cjg-719 (105).png
329,m109a7,.\m109a7\-500\3-cjg-719 (108).png
329,m109a7,.\m109a7\-500\3-cjg-719 (110).png
329,m109a7,.\m109a7\-500\3-cjg-719 (12).png
329,m109a7,.\m109a7\-500\3-cjg-719 (14).png
329,m109a7,.\m109a7\-500\3-cjg-719 (2).png
329,m109a7,.\m109a7\-500\3-cjg-719 (23).png
329,m109a7,.\m109a7\-500\3-cjg-719 (30).png
329,m109a7,.\m109a7\-500\3-cjg-719 (39).png
329,m109a7,.\m109a7\-500\3-cjg-719 (4).png
329,m109a7,.\m109a7\-500\3-cjg-719 (41).png
329,m109a7,.\m109a7\-500\3-cjg-719 (46).png
329,m109a7,.\m109a7\-500\3-cjg-719 (53).png
329,m109a7,.\m109a7\-500\3-cjg-719 (54).png
329,m109a7,.\m109a7\-500\3-cjg-719 (58).png
329,m109a7,.\m109a7\-500\3-cjg-719 (59).png
329,m109a7,.\m109a7\-500\3-cjg-719 (63).png
329,m109a7,.\m109a7\-500\3-cjg-719 (70).png
329,m109a7,.\m109a7\-500\3-cjg-719 (71).png
329,m109a7,.\m109a7\-500\3-cjg-719 (72).png
329,m109a7,.\m109a7\-500\3-cjg-719 (73).png
329,m109a7,.\m109a7\-500\3-cjg-719 (8).png
329,m109a7,.\m109a7\-500\3-cjg-720 (100).png
329,m109a7,.\m109a7\-500\3-cjg-720 (101).png
329,m109a7,.\m109a7\-500\3-cjg-720 (102).png
329,m109a7,.\m109a7\-500\3-cjg-720 (104).png
329,m109a7,.\m109a7\-500\3-cjg-720 (105).png
329,m109a7,.\m109a7\-500\3-cjg-720 (106).png
329,m109a7,.\m109a7\-500\3-cjg-720 (107).png
329,m109a7,.\m109a7\-500\3-cjg-720 (108).png
329,m109a7,.\m109a7\-500\3-cjg-720 (12).png
329,m109a7,.\m109a7\-500\3-cjg-720 (13).png
329,m109a7,.\m109a7\-500\3-cjg-720 (14).png
329,m109a7,.\m109a7\-500\3-cjg-720 (15).png
329,m109a7,.\m109a7\-500\3-cjg-720 (16).png
329,m109a7,.\m109a7\-500\3-cjg-720 (17).png
329,m109a7,.\m109a7\-500\3-cjg-720 (18).png
329,m109a7,.\m109a7\-500\3-cjg-720 (2).png
329,m109a7,.\m109a7\-500\3-cjg-720 (21).png
329,m109a7,.\m109a7\-500\3-cjg-720 (22).png
329,m109a7,.\m109a7\-500\3-cjg-720 (23).png
329,m109a7,.\m109a7\-500\3-cjg-720 (24).png
329,m109a7,.\m109a7\-500\3-cjg-720 (25).png
329,m109a7,.\m109a7\-500\3-cjg-720 (26).png
329,m109a7,.\m109a7\-500\3-cjg-720 (27).png
329,m109a7,.\m109a7\-500\3-cjg-720 (28).png
329,m109a7,.\m109a7\-500\3-cjg-720 (29).png
329,m109a7,.\m109a7\-500\3-cjg-720 (3).png
329,m109a7,.\m109a7\-500\3-cjg-720 (30).png
329,m109a7,.\m109a7\-500\3-cjg-720 (31).png
329,m109a7,.\m109a7\-500\3-cjg-720 (33).png
329,m109a7,.\m109a7\-500\3-cjg-720 (34).png
329,m109a7,.\m109a7\-500\3-cjg-720 (35).png
329,m109a7,.\m109a7\-500\3-cjg-720 (36).png
329,m109a7,.\m109a7\-500\3-cjg-720 (38).png
329,m109a7,.\m109a7\-500\3-cjg-720 (39).png
329,m109a7,.\m109a7\-500\3-cjg-720 (4).png
329,m109a7,.\m109a7\-500\3-cjg-720 (40).png
329,m109a7,.\m109a7\-500\3-cjg-720 (41).png
329,m109a7,.\m109a7\-500\3-cjg-720 (42).png
329,m109a7,.\m109a7\-500\3-cjg-720 (43).png
329,m109a7,.\m109a7\-500\3-cjg-720 (44).png
329,m109a7,.\m109a7\-500\3-cjg-720 (45).png
329,m109a7,.\m109a7\-500\3-cjg-720 (46).png
329,m109a7,.\m109a7\-500\3-cjg-720 (47).png
329,m109a7,.\m109a7\-500\3-cjg-720 (48).png
329,m109a7,.\m109a7\-500\3-cjg-720 (49).png
329,m109a7,.\m109a7\-500\3-cjg-720 (50).png
329,m109a7,.\m109a7\-500\3-cjg-720 (51).png
329,m109a7,.\m109a7\-500\3-cjg-720 (52).png
329,m109a7,.\m109a7\-500\3-cjg-720 (53).png
329,m109a7,.\m109a7\-500\3-cjg-720 (54).png
329,m109a7,.\m109a7\-500\3-cjg-720 (57).png
329,m109a7,.\m109a7\-500\3-cjg-720 (58).png
329,m109a7,.\m109a7\-500\3-cjg-720 (59).png
329,m109a7,.\m109a7\-500\3-cjg-720 (60).png
329,m109a7,.\m109a7\-500\3-cjg-720 (61).png
329,m109a7,.\m109a7\-500\3-cjg-720 (62).png
329,m109a7,.\m109a7\-500\3-cjg-720 (63).png
329,m109a7,.\m109a7\-500\3-cjg-720 (64).png
329,m109a7,.\m109a7\-500\3-cjg-720 (65).png
329,m109a7,.\m109a7\-500\3-cjg-720 (66).png
329,m109a7,.\m109a7\-500\3-cjg-720 (67).png
329,m109a7,.\m109a7\-500\3-cjg-720 (68).png
329,m109a7,.\m109a7\-500\3-cjg-720 (69).png
329,m109a7,.\m109a7\-500\3-cjg-720 (7).png
329,m109a7,.\m109a7\-500\3-cjg-720 (70).png
329,m109a7,.\m109a7\-500\3-cjg-720 (71).png
329,m109a7,.\m109a7\-500\3-cjg-720 (72).png
329,m109a7,.\m109a7\-500\3-cjg-720 (73).png
329,m109a7,.\m109a7\-500\3-cjg-720 (74).png
329,m109a7,.\m109a7\-500\3-cjg-720 (75).png
329,m109a7,.\m109a7\-500\3-cjg-720 (76).png
329,m109a7,.\m109a7\-500\3-cjg-720 (77).png
329,m109a7,.\m109a7\-500\3-cjg-720 (78).png
329,m109a7,.\m109a7\-500\3-cjg-720 (79).png
329,m109a7,.\m109a7\-500\3-cjg-720 (80).png
329,m109a7,.\m109a7\-500\3-cjg-720 (82).png
329,m109a7,.\m109a7\-500\3-cjg-720 (83).png
329,m109a7,.\m109a7\-500\3-cjg-720 (84).png
329,m109a7,.\m109a7\-500\3-cjg-720 (85).png
329,m109a7,.\m109a7\-500\3-cjg-720 (86).png
329,m109a7,.\m109a7\-500\3-cjg-720 (87).png
329,m109a7,.\m109a7\-500\3-cjg-720 (88).png
329,m109a7,.\m109a7\-500\3-cjg-720 (89).png
329,m109a7,.\m109a7\-500\3-cjg-720 (9).png
329,m109a7,.\m109a7\-500\3-cjg-720 (90).png
329,m109a7,.\m109a7\-500\3-cjg-720 (91).png
329,m109a7,.\m109a7\-500\3-cjg-720 (92).png
329,m109a7,.\m109a7\-500\3-cjg-720 (93).png
329,m109a7,.\m109a7\-500\3-cjg-720 (94).png
329,m109a7,.\m109a7\-500\3-cjg-720 (95).png
329,m109a7,.\m109a7\-500\3-cjg-720 (96).png
329,m109a7,.\m109a7\-500\3-cjg-720 (97).png
329,m109a7,.\m109a7\-500\3-cjg-720 (98).png
329,m109a7,.\m109a7\-500\3-cjg-720 (99).png
329,m109a7,.\m109a7\-500\3-cjg-720-3 (1).png
329,m109a7,.\m109a7\-500\3-cjg-720-3 (10).png
329,m109a7,.\m109a7\-500\3-cjg-720-3 (100).png
329,m109a7,.\m109a7\-500\3-cjg-720-3 (102).png
329,m109a7,.\m109a7\-500\3-cjg-720-3 (107).png
329,m109a7,.\m109a7\-500\3-cjg-720-3 (109).png
329,m109a7,.\m109a7\-500\3-cjg-720-3 (11).png
329,m109a7,.\m109a7\-500\3-cjg-720-3 (110).png
329,m109a7,.\m109a7\-500\3-cjg-720-3 (112).png
329,m109a7,.\m109a7\-500\3-cjg-720-3 (114).png
329,m109a7,.\m109a7\-500\3-cjg-720-3 (116).png
329,m109a7,.\m109a7\-500\3-cjg-720-3 (118).png
329,m109a7,.\m109a7\-500\3-cjg-720-3 (12).png
329,m109a7,.\m109a7\-500\3-cjg-720-3 (121).png
329,m109a7,.\m109a7\-500\3-cjg-720-3 (124).png
329,m109a7,.\m109a7\-500\3-cjg-720-3 (128).png
329,m109a7,.\m109a7\-500\3-cjg-720-3 (130).png
329,m109a7,.\m109a7\-500\3-cjg-720-3 (133).png
329,m109a7,.\m109a7\-500\3-cjg-720-3 (137).png
329,m109a7,.\m109a7\-500\3-cjg-720-3 (141).png
329,m109a7,.\m109a7\-500\3-cjg-720-3 (142).png
329,m109a7,.\m109a7\-500\3-cjg-720-3 (143).png
329,m109a7,.\m109a7\-500\3-cjg-720-3 (145).png
329,m109a7,.\m109a7\-500\3-cjg-720-3 (149).png
329,m109a7,.\m109a7\-500\3-cjg-720-3 (15).png
329,m109a7,.\m109a7\-500\3-cjg-720-3 (151).png
329,m109a7,.\m109a7\-500\3-cjg-720-3 (17).png
329,m109a7,.\m109a7\-500\3-cjg-720-3 (18).png
329,m109a7,.\m109a7\-500\3-cjg-720-3 (19).png
329,m109a7,.\m109a7\-500\3-cjg-720-3 (2).png
329,m109a7,.\m109a7\-500\3-cjg-720-3 (20).png
329,m109a7,.\m109a7\-500\3-cjg-720-3 (21).png
329,m109a7,.\m109a7\-500\3-cjg-720-3 (22).png
329,m109a7,.\m109a7\-500\3-cjg-720-3 (23).png
329,m109a7,.\m109a7\-500\3-cjg-720-3 (24).png
329,m109a7,.\m109a7\-500\3-cjg-720-3 (25).png
329,m109a7,.\m109a7\-500\3-cjg-720-3 (26).png
329,m109a7,.\m109a7\-500\3-cjg-720-3 (27).png
329,m109a7,.\m109a7\-500\3-cjg-720-3 (28).png
329,m109a7,.\m109a7\-500\3-cjg-720-3 (29).png
329,m109a7,.\m109a7\-500\3-cjg-720-3 (3).png
329,m109a7,.\m109a7\-500\3-cjg-720-3 (30).png
329,m109a7,.\m109a7\-500\3-cjg-720-3 (31).png
329,m109a7,.\m109a7\-500\3-cjg-720-3 (32).png
329,m109a7,.\m109a7\-500\3-cjg-720-3 (33).png
329,m109a7,.\m109a7\-500\3-cjg-720-3 (34).png
329,m109a7,.\m109a7\-500\3-cjg-720-3 (35).png
329,m109a7,.\m109a7\-500\3-cjg-720-3 (36).png
329,m109a7,.\m109a7\-500\3-cjg-720-3 (37).png
329,m109a7,.\m109a7\-500\3-cjg-720-3 (38).png
329,m109a7,.\m109a7\-500\3-cjg-720-3 (39).png
329,m109a7,.\m109a7\-500\3-cjg-720-3 (4).png
329,m109a7,.\m109a7\-500\3-cjg-720-3 (40).png
329,m109a7,.\m109a7\-500\3-cjg-720-3 (41).png
329,m109a7,.\m109a7\-500\3-cjg-720-3 (42).png
329,m109a7,.\m109a7\-500\3-cjg-720-3 (43).png
329,m109a7,.\m109a7\-500\3-cjg-720-3 (44).png
329,m109a7,.\m109a7\-500\3-cjg-720-3 (47).png
329,m109a7,.\m109a7\-500\3-cjg-720-3 (48).png
329,m109a7,.\m109a7\-500\3-cjg-720-3 (49).png
329,m109a7,.\m109a7\-500\3-cjg-720-3 (5).png
329,m109a7,.\m109a7\-500\3-cjg-720-3 (50).png
329,m109a7,.\m109a7\-500\3-cjg-720-3 (51).png
329,m109a7,.\m109a7\-500\3-cjg-720-3 (52).png
329,m109a7,.\m109a7\-500\3-cjg-720-3 (53).png
329,m109a7,.\m109a7\-500\3-cjg-720-3 (55).png
329,m109a7,.\m109a7\-500\3-cjg-720-3 (56).png
329,m109a7,.\m109a7\-500\3-cjg-720-3 (57).png
329,m109a7,.\m109a7\-500\3-cjg-720-3 (58).png
329,m109a7,.\m109a7\-500\3-cjg-720-3 (59).png
329,m109a7,.\m109a7\-500\3-cjg-720-3 (6).png
329,m109a7,.\m109a7\-500\3-cjg-720-3 (60).png
329,m109a7,.\m109a7\-500\3-cjg-720-3 (61).png
329,m109a7,.\m109a7\-500\3-cjg-720-3 (65).png
329,m109a7,.\m109a7\-500\3-cjg-720-3 (66).png
329,m109a7,.\m109a7\-500\3-cjg-720-3 (67).png
329,m109a7,.\m109a7\-500\3-cjg-720-3 (68).png
329,m109a7,.\m109a7\-500\3-cjg-720-3 (69).png
329,m109a7,.\m109a7\-500\3-cjg-720-3 (7).png
329,m109a7,.\m109a7\-500\3-cjg-720-3 (70).png
329,m109a7,.\m109a7\-500\3-cjg-720-3 (71).png
329,m109a7,.\m109a7\-500\3-cjg-720-3 (72).png
329,m109a7,.\m109a7\-500\3-cjg-720-3 (73).png
329,m109a7,.\m109a7\-500\3-cjg-720-3 (74).png
329,m109a7,.\m109a7\-500\3-cjg-720-3 (75).png
329,m109a7,.\m109a7\-500\3-cjg-720-3 (76).png
329,m109a7,.\m109a7\-500\3-cjg-720-3 (77).png
329,m109a7,.\m109a7\-500\3-cjg-720-3 (78).png
329,m109a7,.\m109a7\-500\3-cjg-720-3 (79).png
329,m109a7,.\m109a7\-500\3-cjg-720-3 (8).png
329,m109a7,.\m109a7\-500\3-cjg-720-3 (83).png
329,m109a7,.\m109a7\-500\3-cjg-720-3 (85).png
329,m109a7,.\m109a7\-500\3-cjg-720-3 (86).png
329,m109a7,.\m109a7\-500\3-cjg-720-3 (87).png
329,m109a7,.\m109a7\-500\3-cjg-720-3 (9).png
329,m109a7,.\m109a7\-500\3-cjg-720-3 (91).png
329,m109a7,.\m109a7\-500\3-cjg-720-3 (93).png
329,m109a7,.\m109a7\-500\3-cjg-720-3 (94).png
329,m109a7,.\m109a7\-500\3-cjg-720-3 (95).png
329,m109a7,.\m109a7\-500\3-cjg-720-3 (96).png
329,m109a7,.\m109a7\-500\3-cjg-720-3 (97).png
329,m109a7,.\m109a7\-500\3-cjg-720-3 (99).png
329,m109a7,.\m109a7\-500\3-kcm (1).jpg
329,m109a7,.\m109a7\-500\3-kcm (10).jpg
329,m109a7,.\m109a7\-500\3-kcm (11).jpg
329,m109a7,.\m109a7\-500\3-kcm (15).jpg
329,m109a7,.\m109a7\-500\3-kcm (17).jpg
329,m109a7,.\m109a7\-500\3-kcm (19).jpg
329,m109a7,.\m109a7\-500\3-kcm (2).jpg
329,m109a7,.\m109a7\-500\3-kcm (20).jpg
329,m109a7,.\m109a7\-500\3-kcm (3).jpg
329,m109a7,.\m109a7\-500\3-kcm (4).jpg
329,m109a7,.\m109a7\-500\3-kcm (5).jpg
329,m109a7,.\m109a7\-500\3-kcm (6).jpg
329,m109a7,.\m109a7\-500\3-kcm (7).jpg
329,m109a7,.\m109a7\-500\3-kcm (8).jpg
329,m109a7,.\m109a7\-500\3-kcm (9).jpg
329,m109a7,.\m109a7\-500\3-kcm1 (1).jpg
329,m109a7,.\m109a7\-500\3-kcm1 (2).jpg
329,m109a7,.\m109a7\-500\3-kcm3 (10).png
329,m109a7,.\m109a7\-500\3-kcm3 (11).png
329,m109a7,.\m109a7\-500\3-kcm3 (12).png
329,m109a7,.\m109a7\-500\3-kcm3 (20).png
329,m109a7,.\m109a7\-500\3-kcm3 (21).png
329,m109a7,.\m109a7\-500\3-kcm3 (23).png
329,m109a7,.\m109a7\-500\3-kcm3 (27).png
329,m109a7,.\m109a7\-500\3-kcm3 (28).png
329,m109a7,.\m109a7\-500\3-kcm3 (49).png
329,m109a7,.\m109a7\-500\3-kcm4 (1).jpg
329,m109a7,.\m109a7\-500\3-kcm4 (12).jpg
329,m109a7,.\m109a7\-500\3-kcm4 (13).jpg
329,m109a7,.\m109a7\-500\3-kcm4 (15).jpg
329,m109a7,.\m109a7\-500\3-kcm4 (16).jpg
329,m109a7,.\m109a7\-500\3-kcm4 (6).jpg
329,m109a7,.\m109a7\-500\3-kcm6 (181).png
329,m109a7,.\m109a7\-500\3-kcm7 (12).jpg
329,m109a7,.\m109a7\-500\3-kcm7 (14).jpg
329,m109a7,.\m109a7\-500\3-kcm7 (15).jpg
329,m109a7,.\m109a7\-500\3-kcm7 (16).jpg
329,m109a7,.\m109a7\-500\3-kcm7 (17).jpg
329,m109a7,.\m109a7\-500\3-kcm7 (2).jpg
329,m109a7,.\m109a7\-500\3-kcm7 (22).jpg
329,m109a7,.\m109a7\-500\3-kcm7 (23).jpg
329,m109a7,.\m109a7\-500\3-kcm7 (27).jpg
329,m109a7,.\m109a7\-500\3-kcm7 (28).jpg
329,m109a7,.\m109a7\-500\3-kcm7 (29).jpg
329,m109a7,.\m109a7\-500\3-kcm7 (30).jpg
329,m109a7,.\m109a7\-500\3-kcm7 (31).jpg
329,m109a7,.\m109a7\-500\3-kcm7 (32).jpg
329,m109a7,.\m109a7\-500\3-kcm7 (35).jpg
329,m109a7,.\m109a7\-500\3-kcm7 (36).jpg
329,m109a7,.\m109a7\-500\3-kcm7 (4).jpg
329,m109a7,.\m109a7\-500\3-kcm9 (1).jpg
329,m109a7,.\m109a7\-500\3-kcm9 (2).jpg
329,m109a7,.\m109a7\-500\3-kcm9 (30).jpg
329,m109a7,.\m109a7\-500\3-kcm9 (35).jpg
329,m109a7,.\m109a7\-500\3-kcm9 (36).jpg
329,m109a7,.\m109a7\-500\3-kcm9 (37).jpg
329,m109a7,.\m109a7\-500\3-kcm9 (43).jpg
329,m109a7,.\m109a7\-500\3-kcm9 (44).jpg
329,m109a7,.\m109a7\-500\3-kcm9 (48).jpg
329,m109a7,.\m109a7\-500\3-kcm9 (49).jpg
329,m109a7,.\m109a7\-500\3-kcm9 (50).jpg
329,m109a7,.\m109a7\-500\3-kcm9 (54).jpg
329,m109a7,.\m109a7\-500\3-kcm9 (57).jpg
329,m109a7,.\m109a7\-500\3-kcm9 (58).jpg
329,m109a7,.\m109a7\-500\3-kcm9 (59).jpg
329,m109a7,.\m109a7\-500\3-kcm_10 (10).jpg
329,m109a7,.\m109a7\-500\3-kcm_10 (105).jpg
329,m109a7,.\m109a7\-500\3-kcm_10 (108).jpg
329,m109a7,.\m109a7\-500\3-kcm_10 (11).jpg
329,m109a7,.\m109a7\-500\3-kcm_10 (111).jpg
329,m109a7,.\m109a7\-500\3-kcm_10 (117).jpg
329,m109a7,.\m109a7\-500\3-kcm_10 (126).jpg
329,m109a7,.\m109a7\-500\3-kcm_10 (128).jpg
329,m109a7,.\m109a7\-500\3-kcm_10 (137).jpg
329,m109a7,.\m109a7\-500\3-kcm_10 (144).jpg
329,m109a7,.\m109a7\-500\3-kcm_10 (16).jpg
329,m109a7,.\m109a7\-500\3-kcm_10 (160).jpg
329,m109a7,.\m109a7\-500\3-kcm_10 (161).jpg
329,m109a7,.\m109a7\-500\3-kcm_10 (18).jpg
329,m109a7,.\m109a7\-500\3-kcm_10 (182).jpg
329,m109a7,.\m109a7\-500\3-kcm_10 (200).jpg
329,m109a7,.\m109a7\-500\3-kcm_10 (22).jpg
329,m109a7,.\m109a7\-500\3-kcm_10 (235).jpg
329,m109a7,.\m109a7\-500\3-kcm_10 (27).jpg
329,m109a7,.\m109a7\-500\3-kcm_10 (38).jpg
329,m109a7,.\m109a7\-500\3-kcm_10 (39).jpg
329,m109a7,.\m109a7\-500\3-kcm_10 (7).jpg
329,m109a7,.\m109a7\-500\3-kcm_10 (74).jpg
329,m109a7,.\m109a7\-500\3-kcm_10 (89).jpg
329,m109a7,.\m109a7\-500\3-kcm_10 (91).jpg
329,m109a7,.\m109a7\-500\3-kcm_11 (1).png
329,m109a7,.\m109a7\-500\3-kcm_11 (11).png
329,m109a7,.\m109a7\-500\3-kcm_11 (18).png
329,m109a7,.\m109a7\-500\3-kcm_11 (19).png
329,m109a7,.\m109a7\-500\3-kcm_11 (20).png
329,m109a7,.\m109a7\-500\3-kcm_11 (22).png
329,m109a7,.\m109a7\-500\3-kcm_11 (25).png
329,m109a7,.\m109a7\-500\3-kcm_11 (26).png
329,m109a7,.\m109a7\-500\3-kcm_11 (27).png
329,m109a7,.\m109a7\-500\3-kcm_11 (28).png
329,m109a7,.\m109a7\-500\3-kcm_11 (30).png
329,m109a7,.\m109a7\-500\3-kcm_11 (34).png
329,m109a7,.\m109a7\-500\3-kcm_11 (35).png
329,m109a7,.\m109a7\-500\3-kcm_11 (36).png
329,m109a7,.\m109a7\-500\3-kcm_11 (38).png
329,m109a7,.\m109a7\-500\3-kcm_11 (4).png
329,m109a7,.\m109a7\-500\3-kcm_11 (45).png
329,m109a7,.\m109a7\-500\3-kcm_11 (51).png
329,m109a7,.\m109a7\-500\3-kcm_11 (52).png
329,m109a7,.\m109a7\-500\3-kcm_11 (54).png
329,m109a7,.\m109a7\-500\3-kcm_11 (58).png
329,m109a7,.\m109a7\-500\3-kcm_11 (59).png
329,m109a7,.\m109a7\-500\3-kcm_11 (63).png
329,m109a7,.\m109a7\-500\3-kcm_11 (64).png
329,m109a7,.\m109a7\-500\3-kcm_11 (67).png
329,m109a7,.\m109a7\-500\3-kcm_11 (69).png
329,m109a7,.\m109a7\-500\3-kcm_11 (74).png
329,m109a7,.\m109a7\-500\3-kcm_11 (75).png
329,m109a7,.\m109a7\-500\3-kcm_11 (76).png
329,m109a7,.\m109a7\-500\3-kcm_11 (77).png
329,m109a7,.\m109a7\-500\3-kcm_11 (79).png
329,m109a7,.\m109a7\-500\3-RGU- (1).jpg
329,m109a7,.\m109a7\-500\3-RGU- (10).jpg
329,m109a7,.\m109a7\-500\3-RGU- (13).jpg
329,m109a7,.\m109a7\-500\3-RGU- (14).jpg
329,m109a7,.\m109a7\-500\3-RGU- (15).jpg
329,m109a7,.\m109a7\-500\3-RGU- (16).jpg
329,m109a7,.\m109a7\-500\3-RGU- (17).jpg
329,m109a7,.\m109a7\-500\3-RGU- (18).jpg
329,m109a7,.\m109a7\-500\3-RGU- (19).jpg
329,m109a7,.\m109a7\-500\3-RGU- (2).jpg
329,m109a7,.\m109a7\-500\3-RGU- (20).jpg
329,m109a7,.\m109a7\-500\3-RGU- (21).jpg
329,m109a7,.\m109a7\-500\3-RGU- (22).jpg
329,m109a7,.\m109a7\-500\3-RGU- (3).jpg
329,m109a7,.\m109a7\-500\3-RGU- (4).jpg
329,m109a7,.\m109a7\-500\3-RGU- (5).jpg
329,m109a7,.\m109a7\-500\3-RGU- (6).jpg
329,m109a7,.\m109a7\-500\3-RGU- (7).jpg
329,m109a7,.\m109a7\-500\3-RGU-101.jpg
329,m109a7,.\m109a7\-500\3-RGU-102.jpg
329,m109a7,.\m109a7\-500\3-RGU-103.jpg
329,m109a7,.\m109a7\-500\3-RGU-106.jpg
329,m109a7,.\m109a7\-500\3-RGU-110.jpg
329,m109a7,.\m109a7\-500\3-RGU-120.jpg
329,m109a7,.\m109a7\-500\3-RGU-126.jpg
329,m109a7,.\m109a7\-500\3-RGU-128.jpg
329,m109a7,.\m109a7\-500\3-RGU-129.jpg
329,m109a7,.\m109a7\-500\3-RGU-130.jpg
329,m109a7,.\m109a7\-500\3-RGU-132.jpg
329,m109a7,.\m109a7\-500\3-RGU-133.jpg
329,m109a7,.\m109a7\-500\3-RGU-134.jpg
329,m109a7,.\m109a7\-500\3-RGU-135.jpg
329,m109a7,.\m109a7\-500\3-RGU-137.jpg
329,m109a7,.\m109a7\-500\3-RGU-138.jpg
329,m109a7,.\m109a7\-500\3-RGU-140.jpg
329,m109a7,.\m109a7\-500\3-RGU-141.jpg
329,m109a7,.\m109a7\-500\3-RGU-142.jpg
329,m109a7,.\m109a7\-500\3-RGU-143.jpg
329,m109a7,.\m109a7\-500\3-RGU-145.jpg
329,m109a7,.\m109a7\-500\3-RGU-24.jpg
329,m109a7,.\m109a7\-500\3-RGU-25.jpg
329,m109a7,.\m109a7\-500\3-RGU-27.jpg
329,m109a7,.\m109a7\-500\3-RGU-28.jpg
329,m109a7,.\m109a7\-500\3-RGU-29.jpg
329,m109a7,.\m109a7\-500\3-RGU-30.jpg
329,m109a7,.\m109a7\-500\3-RGU-31.jpg
329,m109a7,.\m109a7\-500\3-RGU-32.jpg
329,m109a7,.\m109a7\-500\3-RGU-33.jpg
329,m109a7,.\m109a7\-500\3-RGU-34.jpg
329,m109a7,.\m109a7\-500\3-RGU-36.jpg
329,m109a7,.\m109a7\-500\3-RGU-37.jpg
329,m109a7,.\m109a7\-500\3-RGU-38.jpg
329,m109a7,.\m109a7\-500\3-RGU-40.jpg
329,m109a7,.\m109a7\-500\3-RGU-42.jpg
329,m109a7,.\m109a7\-500\3-RGU-45.jpg
329,m109a7,.\m109a7\-500\3-RGU-46.jpg
329,m109a7,.\m109a7\-500\3-RGU-47.jpg
329,m109a7,.\m109a7\-500\3-RGU-48.jpg
329,m109a7,.\m109a7\-500\3-RGU-49.jpg
329,m109a7,.\m109a7\-500\3-RGU-50.jpg
329,m109a7,.\m109a7\-500\3-RGU-51.jpg
329,m109a7,.\m109a7\-500\3-RGU-52.jpg
329,m109a7,.\m109a7\-500\3-RGU-53.jpg
329,m109a7,.\m109a7\-500\3-RGU-56.jpg
329,m109a7,.\m109a7\-500\3-RGU-61.jpg
329,m109a7,.\m109a7\-500\3-RGU-62.jpg
329,m109a7,.\m109a7\-500\3-RGU-63.jpg
329,m109a7,.\m109a7\-500\3-RGU-81.jpg
329,m109a7,.\m109a7\-500\3-RGU-83.jpg
329,m109a7,.\m109a7\-500\3-RGU-90.jpg
329,m109a7,.\m109a7\-500\3-RGU-93.jpg
329,m109a7,.\m109a7\-500\3-RGU-95.jpg
